No	種別	領域	対象	テーマ	需要ランク	slug	記事タイトル案	備考
1	自治体別	都道府県	北海道	転職の進め方と、経験の活かし方	S	pref-hokkaido	北海道職員の転職｜経験の活かし方と求人の探し方	給与・定員管理等の状況／地方公務員給与実態調査
2	自治体別	都道府県	青森県	転職の進め方と、経験の活かし方	S	pref-aomori	青森県職員の転職｜経験の活かし方と求人の探し方	給与・定員管理等の状況／地方公務員給与実態調査
3	自治体別	都道府県	岩手県	転職の進め方と、経験の活かし方	S	pref-iwate	岩手県職員の転職｜経験の活かし方と求人の探し方	給与・定員管理等の状況／地方公務員給与実態調査
4	自治体別	都道府県	宮城県	転職の進め方と、経験の活かし方	S	pref-miyagi	宮城県職員の転職｜経験の活かし方と求人の探し方	給与・定員管理等の状況／地方公務員給与実態調査
5	自治体別	都道府県	秋田県	転職の進め方と、経験の活かし方	S	pref-akita	秋田県職員の転職｜経験の活かし方と求人の探し方	給与・定員管理等の状況／地方公務員給与実態調査
6	自治体別	都道府県	山形県	転職の進め方と、経験の活かし方	S	pref-yamagata	山形県職員の転職｜経験の活かし方と求人の探し方	給与・定員管理等の状況／地方公務員給与実態調査
7	自治体別	都道府県	福島県	転職の進め方と、経験の活かし方	S	pref-fukushima	福島県職員の転職｜経験の活かし方と求人の探し方	給与・定員管理等の状況／地方公務員給与実態調査
8	自治体別	都道府県	茨城県	転職の進め方と、経験の活かし方	S	pref-ibaraki	茨城県職員の転職｜経験の活かし方と求人の探し方	給与・定員管理等の状況／地方公務員給与実態調査
9	自治体別	都道府県	栃木県	転職の進め方と、経験の活かし方	S	pref-tochigi	栃木県職員の転職｜経験の活かし方と求人の探し方	給与・定員管理等の状況／地方公務員給与実態調査
10	自治体別	都道府県	群馬県	転職の進め方と、経験の活かし方	S	pref-gunma	群馬県職員の転職｜経験の活かし方と求人の探し方	給与・定員管理等の状況／地方公務員給与実態調査
11	自治体別	都道府県	埼玉県	転職の進め方と、経験の活かし方	S	pref-saitama	埼玉県職員の転職｜経験の活かし方と求人の探し方	給与・定員管理等の状況／地方公務員給与実態調査
12	自治体別	都道府県	千葉県	転職の進め方と、経験の活かし方	S	pref-chiba	千葉県職員の転職｜経験の活かし方と求人の探し方	給与・定員管理等の状況／地方公務員給与実態調査
13	自治体別	都道府県	東京都	転職の進め方と、経験の活かし方	S	pref-tokyo	東京都職員の転職｜経験の活かし方と求人の探し方	給与・定員管理等の状況／地方公務員給与実態調査
14	自治体別	都道府県	神奈川県	転職の進め方と、経験の活かし方	S	pref-kanagawa	神奈川県職員の転職｜経験の活かし方と求人の探し方	給与・定員管理等の状況／地方公務員給与実態調査
15	自治体別	都道府県	新潟県	転職の進め方と、経験の活かし方	S	pref-niigata	新潟県職員の転職｜経験の活かし方と求人の探し方	給与・定員管理等の状況／地方公務員給与実態調査
16	自治体別	都道府県	富山県	転職の進め方と、経験の活かし方	S	pref-toyama	富山県職員の転職｜経験の活かし方と求人の探し方	給与・定員管理等の状況／地方公務員給与実態調査
17	自治体別	都道府県	石川県	転職の進め方と、経験の活かし方	S	pref-ishikawa	石川県職員の転職｜経験の活かし方と求人の探し方	給与・定員管理等の状況／地方公務員給与実態調査
18	自治体別	都道府県	福井県	転職の進め方と、経験の活かし方	S	pref-fukui	福井県職員の転職｜経験の活かし方と求人の探し方	給与・定員管理等の状況／地方公務員給与実態調査
19	自治体別	都道府県	山梨県	転職の進め方と、経験の活かし方	S	pref-yamanashi	山梨県職員の転職｜経験の活かし方と求人の探し方	給与・定員管理等の状況／地方公務員給与実態調査
20	自治体別	都道府県	長野県	転職の進め方と、経験の活かし方	S	pref-nagano	長野県職員の転職｜経験の活かし方と求人の探し方	給与・定員管理等の状況／地方公務員給与実態調査
21	自治体別	都道府県	岐阜県	転職の進め方と、経験の活かし方	S	pref-gifu	岐阜県職員の転職｜経験の活かし方と求人の探し方	給与・定員管理等の状況／地方公務員給与実態調査
22	自治体別	都道府県	静岡県	転職の進め方と、経験の活かし方	S	pref-shizuoka	静岡県職員の転職｜経験の活かし方と求人の探し方	給与・定員管理等の状況／地方公務員給与実態調査
23	自治体別	都道府県	愛知県	転職の進め方と、経験の活かし方	S	pref-aichi	愛知県職員の転職｜経験の活かし方と求人の探し方	給与・定員管理等の状況／地方公務員給与実態調査
24	自治体別	都道府県	三重県	転職の進め方と、経験の活かし方	S	pref-mie	三重県職員の転職｜経験の活かし方と求人の探し方	給与・定員管理等の状況／地方公務員給与実態調査
25	自治体別	都道府県	滋賀県	転職の進め方と、経験の活かし方	S	pref-shiga	滋賀県職員の転職｜経験の活かし方と求人の探し方	給与・定員管理等の状況／地方公務員給与実態調査
26	自治体別	都道府県	京都府	転職の進め方と、経験の活かし方	S	pref-kyoto	京都府職員の転職｜経験の活かし方と求人の探し方	給与・定員管理等の状況／地方公務員給与実態調査
27	自治体別	都道府県	大阪府	転職の進め方と、経験の活かし方	S	pref-osaka	大阪府職員の転職｜経験の活かし方と求人の探し方	給与・定員管理等の状況／地方公務員給与実態調査
28	自治体別	都道府県	兵庫県	転職の進め方と、経験の活かし方	S	pref-hyogo	兵庫県職員の転職｜経験の活かし方と求人の探し方	給与・定員管理等の状況／地方公務員給与実態調査
29	自治体別	都道府県	奈良県	転職の進め方と、経験の活かし方	S	pref-nara	奈良県職員の転職｜経験の活かし方と求人の探し方	給与・定員管理等の状況／地方公務員給与実態調査
30	自治体別	都道府県	和歌山県	転職の進め方と、経験の活かし方	S	pref-wakayama	和歌山県職員の転職｜経験の活かし方と求人の探し方	給与・定員管理等の状況／地方公務員給与実態調査
31	自治体別	都道府県	鳥取県	転職の進め方と、経験の活かし方	S	pref-tottori	鳥取県職員の転職｜経験の活かし方と求人の探し方	給与・定員管理等の状況／地方公務員給与実態調査
32	自治体別	都道府県	島根県	転職の進め方と、経験の活かし方	S	pref-shimane	島根県職員の転職｜経験の活かし方と求人の探し方	給与・定員管理等の状況／地方公務員給与実態調査
33	自治体別	都道府県	岡山県	転職の進め方と、経験の活かし方	S	pref-okayama	岡山県職員の転職｜経験の活かし方と求人の探し方	給与・定員管理等の状況／地方公務員給与実態調査
34	自治体別	都道府県	広島県	転職の進め方と、経験の活かし方	S	pref-hiroshima	広島県職員の転職｜経験の活かし方と求人の探し方	給与・定員管理等の状況／地方公務員給与実態調査
35	自治体別	都道府県	山口県	転職の進め方と、経験の活かし方	S	pref-yamaguchi	山口県職員の転職｜経験の活かし方と求人の探し方	給与・定員管理等の状況／地方公務員給与実態調査
36	自治体別	都道府県	徳島県	転職の進め方と、経験の活かし方	S	pref-tokushima	徳島県職員の転職｜経験の活かし方と求人の探し方	給与・定員管理等の状況／地方公務員給与実態調査
37	自治体別	都道府県	香川県	転職の進め方と、経験の活かし方	S	pref-kagawa	香川県職員の転職｜経験の活かし方と求人の探し方	給与・定員管理等の状況／地方公務員給与実態調査
38	自治体別	都道府県	愛媛県	転職の進め方と、経験の活かし方	S	pref-ehime	愛媛県職員の転職｜経験の活かし方と求人の探し方	給与・定員管理等の状況／地方公務員給与実態調査
39	自治体別	都道府県	高知県	転職の進め方と、経験の活かし方	S	pref-kochi	高知県職員の転職｜経験の活かし方と求人の探し方	給与・定員管理等の状況／地方公務員給与実態調査
40	自治体別	都道府県	福岡県	転職の進め方と、経験の活かし方	S	pref-fukuoka	福岡県職員の転職｜経験の活かし方と求人の探し方	給与・定員管理等の状況／地方公務員給与実態調査
41	自治体別	都道府県	佐賀県	転職の進め方と、経験の活かし方	S	pref-saga	佐賀県職員の転職｜経験の活かし方と求人の探し方	給与・定員管理等の状況／地方公務員給与実態調査
42	自治体別	都道府県	長崎県	転職の進め方と、経験の活かし方	S	pref-nagasaki	長崎県職員の転職｜経験の活かし方と求人の探し方	給与・定員管理等の状況／地方公務員給与実態調査
43	自治体別	都道府県	熊本県	転職の進め方と、経験の活かし方	S	pref-kumamoto	熊本県職員の転職｜経験の活かし方と求人の探し方	給与・定員管理等の状況／地方公務員給与実態調査
44	自治体別	都道府県	大分県	転職の進め方と、経験の活かし方	S	pref-oita	大分県職員の転職｜経験の活かし方と求人の探し方	給与・定員管理等の状況／地方公務員給与実態調査
45	自治体別	都道府県	宮崎県	転職の進め方と、経験の活かし方	S	pref-miyazaki	宮崎県職員の転職｜経験の活かし方と求人の探し方	給与・定員管理等の状況／地方公務員給与実態調査
46	自治体別	都道府県	鹿児島県	転職の進め方と、経験の活かし方	S	pref-kagoshima	鹿児島県職員の転職｜経験の活かし方と求人の探し方	給与・定員管理等の状況／地方公務員給与実態調査
47	自治体別	都道府県	沖縄県	転職の進め方と、経験の活かし方	S	pref-okinawa	沖縄県職員の転職｜経験の活かし方と求人の探し方	給与・定員管理等の状況／地方公務員給与実態調査
48	自治体別	政令指定都市	札幌市	転職の進め方と、経験の活かし方	S	city-sapporo	札幌市職員の転職｜経験の活かし方と求人の探し方	北海道／給与・定員管理等の状況
49	自治体別	政令指定都市	仙台市	転職の進め方と、経験の活かし方	S	city-sendai	仙台市職員の転職｜経験の活かし方と求人の探し方	宮城県／給与・定員管理等の状況
50	自治体別	政令指定都市	さいたま市	転職の進め方と、経験の活かし方	S	city-saitama	さいたま市職員の転職｜経験の活かし方と求人の探し方	埼玉県／給与・定員管理等の状況
51	自治体別	政令指定都市	千葉市	転職の進め方と、経験の活かし方	S	city-chiba	千葉市職員の転職｜経験の活かし方と求人の探し方	千葉県／給与・定員管理等の状況
52	自治体別	政令指定都市	横浜市	転職の進め方と、経験の活かし方	S	city-yokohama	横浜市職員の転職｜経験の活かし方と求人の探し方	神奈川県／給与・定員管理等の状況
53	自治体別	政令指定都市	川崎市	転職の進め方と、経験の活かし方	S	city-kawasaki	川崎市職員の転職｜経験の活かし方と求人の探し方	神奈川県／給与・定員管理等の状況
54	自治体別	政令指定都市	相模原市	転職の進め方と、経験の活かし方	S	city-sagamihara	相模原市職員の転職｜経験の活かし方と求人の探し方	神奈川県／給与・定員管理等の状況
55	自治体別	政令指定都市	新潟市	転職の進め方と、経験の活かし方	S	city-niigata	新潟市職員の転職｜経験の活かし方と求人の探し方	新潟県／給与・定員管理等の状況
56	自治体別	政令指定都市	静岡市	転職の進め方と、経験の活かし方	S	city-shizuoka	静岡市職員の転職｜経験の活かし方と求人の探し方	静岡県／給与・定員管理等の状況
57	自治体別	政令指定都市	浜松市	転職の進め方と、経験の活かし方	S	city-hamamatsu	浜松市職員の転職｜経験の活かし方と求人の探し方	静岡県／給与・定員管理等の状況
58	自治体別	政令指定都市	名古屋市	転職の進め方と、経験の活かし方	S	city-nagoya	名古屋市職員の転職｜経験の活かし方と求人の探し方	愛知県／給与・定員管理等の状況
59	自治体別	政令指定都市	京都市	転職の進め方と、経験の活かし方	S	city-kyoto	京都市職員の転職｜経験の活かし方と求人の探し方	京都府／給与・定員管理等の状況
60	自治体別	政令指定都市	大阪市	転職の進め方と、経験の活かし方	S	city-osaka	大阪市職員の転職｜経験の活かし方と求人の探し方	大阪府／給与・定員管理等の状況
61	自治体別	政令指定都市	堺市	転職の進め方と、経験の活かし方	S	city-sakai	堺市職員の転職｜経験の活かし方と求人の探し方	大阪府／給与・定員管理等の状況
62	自治体別	政令指定都市	神戸市	転職の進め方と、経験の活かし方	S	city-kobe	神戸市職員の転職｜経験の活かし方と求人の探し方	兵庫県／給与・定員管理等の状況
63	自治体別	政令指定都市	岡山市	転職の進め方と、経験の活かし方	S	city-okayama	岡山市職員の転職｜経験の活かし方と求人の探し方	岡山県／給与・定員管理等の状況
64	自治体別	政令指定都市	広島市	転職の進め方と、経験の活かし方	S	city-hiroshima	広島市職員の転職｜経験の活かし方と求人の探し方	広島県／給与・定員管理等の状況
65	自治体別	政令指定都市	北九州市	転職の進め方と、経験の活かし方	S	city-kitakyushu	北九州市職員の転職｜経験の活かし方と求人の探し方	福岡県／給与・定員管理等の状況
66	自治体別	政令指定都市	福岡市	転職の進め方と、経験の活かし方	S	city-fukuoka	福岡市職員の転職｜経験の活かし方と求人の探し方	福岡県／給与・定員管理等の状況
67	自治体別	政令指定都市	熊本市	転職の進め方と、経験の活かし方	S	city-kumamoto	熊本市職員の転職｜経験の活かし方と求人の探し方	熊本県／給与・定員管理等の状況
68	自治体別	特別区	千代田区	転職の進め方と、経験の活かし方	S	ku-chiyoda	東京都千代田区職員の転職｜経験の活かし方と求人の探し方	特別区人事委員会／給与・定員管理等の状況
69	自治体別	特別区	中央区	転職の進め方と、経験の活かし方	S	ku-chuo	東京都中央区職員の転職｜経験の活かし方と求人の探し方	特別区人事委員会／給与・定員管理等の状況
70	自治体別	特別区	港区	転職の進め方と、経験の活かし方	S	ku-minato	東京都港区職員の転職｜経験の活かし方と求人の探し方	特別区人事委員会／給与・定員管理等の状況
71	自治体別	特別区	新宿区	転職の進め方と、経験の活かし方	S	ku-shinjuku	東京都新宿区職員の転職｜経験の活かし方と求人の探し方	特別区人事委員会／給与・定員管理等の状況
72	自治体別	特別区	文京区	転職の進め方と、経験の活かし方	S	ku-bunkyo	東京都文京区職員の転職｜経験の活かし方と求人の探し方	特別区人事委員会／給与・定員管理等の状況
73	自治体別	特別区	台東区	転職の進め方と、経験の活かし方	S	ku-taito	東京都台東区職員の転職｜経験の活かし方と求人の探し方	特別区人事委員会／給与・定員管理等の状況
74	自治体別	特別区	墨田区	転職の進め方と、経験の活かし方	S	ku-sumida	東京都墨田区職員の転職｜経験の活かし方と求人の探し方	特別区人事委員会／給与・定員管理等の状況
75	自治体別	特別区	江東区	転職の進め方と、経験の活かし方	S	ku-koto	東京都江東区職員の転職｜経験の活かし方と求人の探し方	特別区人事委員会／給与・定員管理等の状況
76	自治体別	特別区	品川区	転職の進め方と、経験の活かし方	S	ku-shinagawa	東京都品川区職員の転職｜経験の活かし方と求人の探し方	特別区人事委員会／給与・定員管理等の状況
77	自治体別	特別区	目黒区	転職の進め方と、経験の活かし方	S	ku-meguro	東京都目黒区職員の転職｜経験の活かし方と求人の探し方	特別区人事委員会／給与・定員管理等の状況
78	自治体別	特別区	大田区	転職の進め方と、経験の活かし方	S	ku-ota	東京都大田区職員の転職｜経験の活かし方と求人の探し方	特別区人事委員会／給与・定員管理等の状況
79	自治体別	特別区	世田谷区	転職の進め方と、経験の活かし方	S	ku-setagaya	東京都世田谷区職員の転職｜経験の活かし方と求人の探し方	特別区人事委員会／給与・定員管理等の状況
80	自治体別	特別区	渋谷区	転職の進め方と、経験の活かし方	S	ku-shibuya	東京都渋谷区職員の転職｜経験の活かし方と求人の探し方	特別区人事委員会／給与・定員管理等の状況
81	自治体別	特別区	中野区	転職の進め方と、経験の活かし方	S	ku-nakano	東京都中野区職員の転職｜経験の活かし方と求人の探し方	特別区人事委員会／給与・定員管理等の状況
82	自治体別	特別区	杉並区	転職の進め方と、経験の活かし方	S	ku-suginami	東京都杉並区職員の転職｜経験の活かし方と求人の探し方	特別区人事委員会／給与・定員管理等の状況
83	自治体別	特別区	豊島区	転職の進め方と、経験の活かし方	S	ku-toshima	東京都豊島区職員の転職｜経験の活かし方と求人の探し方	特別区人事委員会／給与・定員管理等の状況
84	自治体別	特別区	北区	転職の進め方と、経験の活かし方	S	ku-kita	東京都北区職員の転職｜経験の活かし方と求人の探し方	特別区人事委員会／給与・定員管理等の状況
85	自治体別	特別区	荒川区	転職の進め方と、経験の活かし方	S	ku-arakawa	東京都荒川区職員の転職｜経験の活かし方と求人の探し方	特別区人事委員会／給与・定員管理等の状況
86	自治体別	特別区	板橋区	転職の進め方と、経験の活かし方	S	ku-itabashi	東京都板橋区職員の転職｜経験の活かし方と求人の探し方	特別区人事委員会／給与・定員管理等の状況
87	自治体別	特別区	練馬区	転職の進め方と、経験の活かし方	S	ku-nerima	東京都練馬区職員の転職｜経験の活かし方と求人の探し方	特別区人事委員会／給与・定員管理等の状況
88	自治体別	特別区	足立区	転職の進め方と、経験の活かし方	S	ku-adachi	東京都足立区職員の転職｜経験の活かし方と求人の探し方	特別区人事委員会／給与・定員管理等の状況
89	自治体別	特別区	葛飾区	転職の進め方と、経験の活かし方	S	ku-katsushika	東京都葛飾区職員の転職｜経験の活かし方と求人の探し方	特別区人事委員会／給与・定員管理等の状況
90	自治体別	特別区	江戸川区	転職の進め方と、経験の活かし方	S	ku-edogawa	東京都江戸川区職員の転職｜経験の活かし方と求人の探し方	特別区人事委員会／給与・定員管理等の状況
91	自治体別	中核市	旭川市	転職の進め方と、経験の活かし方	A	city-asahikawa	旭川市職員の転職｜経験の活かし方と求人の探し方	北海道／給与・定員管理等の状況
92	自治体別	中核市	函館市	転職の進め方と、経験の活かし方	A	city-hakodate	函館市職員の転職｜経験の活かし方と求人の探し方	北海道／給与・定員管理等の状況
93	自治体別	中核市	青森市	転職の進め方と、経験の活かし方	A	city-aomori	青森市職員の転職｜経験の活かし方と求人の探し方	青森県／給与・定員管理等の状況
94	自治体別	中核市	八戸市	転職の進め方と、経験の活かし方	A	city-hachinohe	八戸市職員の転職｜経験の活かし方と求人の探し方	青森県／給与・定員管理等の状況
95	自治体別	中核市	盛岡市	転職の進め方と、経験の活かし方	A	city-morioka	盛岡市職員の転職｜経験の活かし方と求人の探し方	岩手県／給与・定員管理等の状況
96	自治体別	中核市	秋田市	転職の進め方と、経験の活かし方	A	city-akita	秋田市職員の転職｜経験の活かし方と求人の探し方	秋田県／給与・定員管理等の状況
97	自治体別	中核市	山形市	転職の進め方と、経験の活かし方	A	city-yamagata	山形市職員の転職｜経験の活かし方と求人の探し方	山形県／給与・定員管理等の状況
98	自治体別	中核市	郡山市	転職の進め方と、経験の活かし方	A	city-koriyama	郡山市職員の転職｜経験の活かし方と求人の探し方	福島県／給与・定員管理等の状況
99	自治体別	中核市	いわき市	転職の進め方と、経験の活かし方	A	city-iwaki	いわき市職員の転職｜経験の活かし方と求人の探し方	福島県／給与・定員管理等の状況
100	自治体別	中核市	福島市	転職の進め方と、経験の活かし方	A	city-fukushima	福島市職員の転職｜経験の活かし方と求人の探し方	福島県／給与・定員管理等の状況
101	自治体別	中核市	水戸市	転職の進め方と、経験の活かし方	A	city-mito	水戸市職員の転職｜経験の活かし方と求人の探し方	茨城県／給与・定員管理等の状況
102	自治体別	中核市	宇都宮市	転職の進め方と、経験の活かし方	A	city-utsunomiya	宇都宮市職員の転職｜経験の活かし方と求人の探し方	栃木県／給与・定員管理等の状況
103	自治体別	中核市	前橋市	転職の進め方と、経験の活かし方	A	city-maebashi	前橋市職員の転職｜経験の活かし方と求人の探し方	群馬県／給与・定員管理等の状況
104	自治体別	中核市	高崎市	転職の進め方と、経験の活かし方	A	city-takasaki	高崎市職員の転職｜経験の活かし方と求人の探し方	群馬県／給与・定員管理等の状況
105	自治体別	中核市	川越市	転職の進め方と、経験の活かし方	A	city-kawagoe	川越市職員の転職｜経験の活かし方と求人の探し方	埼玉県／給与・定員管理等の状況
106	自治体別	中核市	越谷市	転職の進め方と、経験の活かし方	A	city-koshigaya	越谷市職員の転職｜経験の活かし方と求人の探し方	埼玉県／給与・定員管理等の状況
107	自治体別	中核市	川口市	転職の進め方と、経験の活かし方	A	city-kawaguchi	川口市職員の転職｜経験の活かし方と求人の探し方	埼玉県／給与・定員管理等の状況
108	自治体別	中核市	船橋市	転職の進め方と、経験の活かし方	A	city-funabashi	船橋市職員の転職｜経験の活かし方と求人の探し方	千葉県／給与・定員管理等の状況
109	自治体別	中核市	柏市	転職の進め方と、経験の活かし方	A	city-kashiwa	柏市職員の転職｜経験の活かし方と求人の探し方	千葉県／給与・定員管理等の状況
110	自治体別	中核市	八王子市	転職の進め方と、経験の活かし方	A	city-hachioji	八王子市職員の転職｜経験の活かし方と求人の探し方	東京都／給与・定員管理等の状況
111	自治体別	中核市	横須賀市	転職の進め方と、経験の活かし方	A	city-yokosuka	横須賀市職員の転職｜経験の活かし方と求人の探し方	神奈川県／給与・定員管理等の状況
112	自治体別	中核市	富山市	転職の進め方と、経験の活かし方	A	city-toyama	富山市職員の転職｜経験の活かし方と求人の探し方	富山県／給与・定員管理等の状況
113	自治体別	中核市	金沢市	転職の進め方と、経験の活かし方	A	city-kanazawa	金沢市職員の転職｜経験の活かし方と求人の探し方	石川県／給与・定員管理等の状況
114	自治体別	中核市	福井市	転職の進め方と、経験の活かし方	A	city-fukui	福井市職員の転職｜経験の活かし方と求人の探し方	福井県／給与・定員管理等の状況
115	自治体別	中核市	甲府市	転職の進め方と、経験の活かし方	A	city-kofu	甲府市職員の転職｜経験の活かし方と求人の探し方	山梨県／給与・定員管理等の状況
116	自治体別	中核市	長野市	転職の進め方と、経験の活かし方	A	city-nagano	長野市職員の転職｜経験の活かし方と求人の探し方	長野県／給与・定員管理等の状況
117	自治体別	中核市	松本市	転職の進め方と、経験の活かし方	A	city-matsumoto	松本市職員の転職｜経験の活かし方と求人の探し方	長野県／給与・定員管理等の状況
118	自治体別	中核市	岐阜市	転職の進め方と、経験の活かし方	A	city-gifu	岐阜市職員の転職｜経験の活かし方と求人の探し方	岐阜県／給与・定員管理等の状況
119	自治体別	中核市	豊田市	転職の進め方と、経験の活かし方	A	city-toyota	豊田市職員の転職｜経験の活かし方と求人の探し方	愛知県／給与・定員管理等の状況
120	自治体別	中核市	豊橋市	転職の進め方と、経験の活かし方	A	city-toyohashi	豊橋市職員の転職｜経験の活かし方と求人の探し方	愛知県／給与・定員管理等の状況
121	自治体別	中核市	岡崎市	転職の進め方と、経験の活かし方	A	city-okazaki	岡崎市職員の転職｜経験の活かし方と求人の探し方	愛知県／給与・定員管理等の状況
122	自治体別	中核市	一宮市	転職の進め方と、経験の活かし方	A	city-ichinomiya	一宮市職員の転職｜経験の活かし方と求人の探し方	愛知県／給与・定員管理等の状況
123	自治体別	中核市	大津市	転職の進め方と、経験の活かし方	A	city-otsu	大津市職員の転職｜経験の活かし方と求人の探し方	滋賀県／給与・定員管理等の状況
124	自治体別	中核市	高槻市	転職の進め方と、経験の活かし方	A	city-takatsuki	高槻市職員の転職｜経験の活かし方と求人の探し方	大阪府／給与・定員管理等の状況
125	自治体別	中核市	東大阪市	転職の進め方と、経験の活かし方	A	city-higashiosaka	東大阪市職員の転職｜経験の活かし方と求人の探し方	大阪府／給与・定員管理等の状況
126	自治体別	中核市	豊中市	転職の進め方と、経験の活かし方	A	city-toyonaka	豊中市職員の転職｜経験の活かし方と求人の探し方	大阪府／給与・定員管理等の状況
127	自治体別	中核市	枚方市	転職の進め方と、経験の活かし方	A	city-hirakata	枚方市職員の転職｜経験の活かし方と求人の探し方	大阪府／給与・定員管理等の状況
128	自治体別	中核市	八尾市	転職の進め方と、経験の活かし方	A	city-yao	八尾市職員の転職｜経験の活かし方と求人の探し方	大阪府／給与・定員管理等の状況
129	自治体別	中核市	寝屋川市	転職の進め方と、経験の活かし方	A	city-neyagawa	寝屋川市職員の転職｜経験の活かし方と求人の探し方	大阪府／給与・定員管理等の状況
130	自治体別	中核市	吹田市	転職の進め方と、経験の活かし方	A	city-suita	吹田市職員の転職｜経験の活かし方と求人の探し方	大阪府／給与・定員管理等の状況
131	自治体別	中核市	姫路市	転職の進め方と、経験の活かし方	A	city-himeji	姫路市職員の転職｜経験の活かし方と求人の探し方	兵庫県／給与・定員管理等の状況
132	自治体別	中核市	西宮市	転職の進め方と、経験の活かし方	A	city-nishinomiya	西宮市職員の転職｜経験の活かし方と求人の探し方	兵庫県／給与・定員管理等の状況
133	自治体別	中核市	尼崎市	転職の進め方と、経験の活かし方	A	city-amagasaki	尼崎市職員の転職｜経験の活かし方と求人の探し方	兵庫県／給与・定員管理等の状況
134	自治体別	中核市	明石市	転職の進め方と、経験の活かし方	A	city-akashi	明石市職員の転職｜経験の活かし方と求人の探し方	兵庫県／給与・定員管理等の状況
135	自治体別	中核市	奈良市	転職の進め方と、経験の活かし方	A	city-nara	奈良市職員の転職｜経験の活かし方と求人の探し方	奈良県／給与・定員管理等の状況
136	自治体別	中核市	和歌山市	転職の進め方と、経験の活かし方	A	city-wakayama	和歌山市職員の転職｜経験の活かし方と求人の探し方	和歌山県／給与・定員管理等の状況
137	自治体別	中核市	鳥取市	転職の進め方と、経験の活かし方	A	city-tottori	鳥取市職員の転職｜経験の活かし方と求人の探し方	鳥取県／給与・定員管理等の状況
138	自治体別	中核市	松江市	転職の進め方と、経験の活かし方	A	city-matsue	松江市職員の転職｜経験の活かし方と求人の探し方	島根県／給与・定員管理等の状況
139	自治体別	中核市	倉敷市	転職の進め方と、経験の活かし方	A	city-kurashiki	倉敷市職員の転職｜経験の活かし方と求人の探し方	岡山県／給与・定員管理等の状況
140	自治体別	中核市	福山市	転職の進め方と、経験の活かし方	A	city-fukuyama	福山市職員の転職｜経験の活かし方と求人の探し方	広島県／給与・定員管理等の状況
141	自治体別	中核市	呉市	転職の進め方と、経験の活かし方	A	city-kure	呉市職員の転職｜経験の活かし方と求人の探し方	広島県／給与・定員管理等の状況
142	自治体別	中核市	下関市	転職の進め方と、経験の活かし方	A	city-shimonoseki	下関市職員の転職｜経験の活かし方と求人の探し方	山口県／給与・定員管理等の状況
143	自治体別	中核市	高松市	転職の進め方と、経験の活かし方	A	city-takamatsu	高松市職員の転職｜経験の活かし方と求人の探し方	香川県／給与・定員管理等の状況
144	自治体別	中核市	松山市	転職の進め方と、経験の活かし方	A	city-matsuyama	松山市職員の転職｜経験の活かし方と求人の探し方	愛媛県／給与・定員管理等の状況
145	自治体別	中核市	高知市	転職の進め方と、経験の活かし方	A	city-kochi	高知市職員の転職｜経験の活かし方と求人の探し方	高知県／給与・定員管理等の状況
146	自治体別	中核市	久留米市	転職の進め方と、経験の活かし方	A	city-kurume	久留米市職員の転職｜経験の活かし方と求人の探し方	福岡県／給与・定員管理等の状況
147	自治体別	中核市	長崎市	転職の進め方と、経験の活かし方	A	city-nagasaki	長崎市職員の転職｜経験の活かし方と求人の探し方	長崎県／給与・定員管理等の状況
148	自治体別	中核市	佐世保市	転職の進め方と、経験の活かし方	A	city-sasebo	佐世保市職員の転職｜経験の活かし方と求人の探し方	長崎県／給与・定員管理等の状況
149	自治体別	中核市	大分市	転職の進め方と、経験の活かし方	A	city-oita	大分市職員の転職｜経験の活かし方と求人の探し方	大分県／給与・定員管理等の状況
150	自治体別	中核市	宮崎市	転職の進め方と、経験の活かし方	A	city-miyazaki	宮崎市職員の転職｜経験の活かし方と求人の探し方	宮崎県／給与・定員管理等の状況
151	自治体別	中核市	鹿児島市	転職の進め方と、経験の活かし方	A	city-kagoshima	鹿児島市職員の転職｜経験の活かし方と求人の探し方	鹿児島県／給与・定員管理等の状況
152	自治体別	中核市	那覇市	転職の進め方と、経験の活かし方	A	city-naha	那覇市職員の転職｜経験の活かし方と求人の探し方	沖縄県／給与・定員管理等の状況
153	自治体別	施行時特例市	つくば市	転職の進め方と、経験の活かし方	A	city-tsukuba	つくば市職員の転職｜経験の活かし方と求人の探し方	茨城県／給与・定員管理等の状況
154	自治体別	施行時特例市	伊勢崎市	転職の進め方と、経験の活かし方	A	city-isesaki	伊勢崎市職員の転職｜経験の活かし方と求人の探し方	群馬県／給与・定員管理等の状況
155	自治体別	施行時特例市	太田市	転職の進め方と、経験の活かし方	A	city-ota-gunma	太田市職員の転職｜経験の活かし方と求人の探し方	群馬県／給与・定員管理等の状況
156	自治体別	施行時特例市	所沢市	転職の進め方と、経験の活かし方	A	city-tokorozawa	所沢市職員の転職｜経験の活かし方と求人の探し方	埼玉県／給与・定員管理等の状況
157	自治体別	施行時特例市	草加市	転職の進め方と、経験の活かし方	A	city-soka	草加市職員の転職｜経験の活かし方と求人の探し方	埼玉県／給与・定員管理等の状況
158	自治体別	施行時特例市	春日部市	転職の進め方と、経験の活かし方	A	city-kasukabe	春日部市職員の転職｜経験の活かし方と求人の探し方	埼玉県／給与・定員管理等の状況
159	自治体別	施行時特例市	熊谷市	転職の進め方と、経験の活かし方	A	city-kumagaya	熊谷市職員の転職｜経験の活かし方と求人の探し方	埼玉県／給与・定員管理等の状況
160	自治体別	施行時特例市	小田原市	転職の進め方と、経験の活かし方	A	city-odawara	小田原市職員の転職｜経験の活かし方と求人の探し方	神奈川県／給与・定員管理等の状況
161	自治体別	施行時特例市	大和市	転職の進め方と、経験の活かし方	A	city-yamato	大和市職員の転職｜経験の活かし方と求人の探し方	神奈川県／給与・定員管理等の状況
162	自治体別	施行時特例市	平塚市	転職の進め方と、経験の活かし方	A	city-hiratsuka	平塚市職員の転職｜経験の活かし方と求人の探し方	神奈川県／給与・定員管理等の状況
163	自治体別	施行時特例市	厚木市	転職の進め方と、経験の活かし方	A	city-atsugi	厚木市職員の転職｜経験の活かし方と求人の探し方	神奈川県／給与・定員管理等の状況
164	自治体別	施行時特例市	茅ヶ崎市	転職の進め方と、経験の活かし方	A	city-chigasaki	茅ヶ崎市職員の転職｜経験の活かし方と求人の探し方	神奈川県／給与・定員管理等の状況
165	自治体別	施行時特例市	長岡市	転職の進め方と、経験の活かし方	A	city-nagaoka	長岡市職員の転職｜経験の活かし方と求人の探し方	新潟県／給与・定員管理等の状況
166	自治体別	施行時特例市	上越市	転職の進め方と、経験の活かし方	A	city-joetsu	上越市職員の転職｜経験の活かし方と求人の探し方	新潟県／給与・定員管理等の状況
167	自治体別	施行時特例市	沼津市	転職の進め方と、経験の活かし方	A	city-numazu	沼津市職員の転職｜経験の活かし方と求人の探し方	静岡県／給与・定員管理等の状況
168	自治体別	施行時特例市	富士市	転職の進め方と、経験の活かし方	A	city-fuji	富士市職員の転職｜経験の活かし方と求人の探し方	静岡県／給与・定員管理等の状況
169	自治体別	施行時特例市	春日井市	転職の進め方と、経験の活かし方	A	city-kasugai	春日井市職員の転職｜経験の活かし方と求人の探し方	愛知県／給与・定員管理等の状況
170	自治体別	施行時特例市	四日市市	転職の進め方と、経験の活かし方	A	city-yokkaichi	四日市市職員の転職｜経験の活かし方と求人の探し方	三重県／給与・定員管理等の状況
171	自治体別	施行時特例市	茨木市	転職の進め方と、経験の活かし方	A	city-ibaraki-city	茨木市職員の転職｜経験の活かし方と求人の探し方	大阪府／給与・定員管理等の状況
172	自治体別	施行時特例市	岸和田市	転職の進め方と、経験の活かし方	A	city-kishiwada	岸和田市職員の転職｜経験の活かし方と求人の探し方	大阪府／給与・定員管理等の状況
173	自治体別	施行時特例市	加古川市	転職の進め方と、経験の活かし方	A	city-kakogawa	加古川市職員の転職｜経験の活かし方と求人の探し方	兵庫県／給与・定員管理等の状況
174	自治体別	施行時特例市	宝塚市	転職の進め方と、経験の活かし方	A	city-takarazuka	宝塚市職員の転職｜経験の活かし方と求人の探し方	兵庫県／給与・定員管理等の状況
175	自治体別	施行時特例市	佐賀市	転職の進め方と、経験の活かし方	A	city-saga	佐賀市職員の転職｜経験の活かし方と求人の探し方	佐賀県／給与・定員管理等の状況
176	自治体別	市	松戸市	転職の進め方と、経験の活かし方	B	city-matsudo	松戸市職員の転職｜経験の活かし方と求人の探し方	千葉県／給与・定員管理等の状況
177	自治体別	市	市川市	転職の進め方と、経験の活かし方	B	city-ichikawa	市川市職員の転職｜経験の活かし方と求人の探し方	千葉県／給与・定員管理等の状況
178	自治体別	市	藤沢市	転職の進め方と、経験の活かし方	B	city-fujisawa	藤沢市職員の転職｜経験の活かし方と求人の探し方	神奈川県／給与・定員管理等の状況
179	自治体別	市	町田市	転職の進め方と、経験の活かし方	B	city-machida	町田市職員の転職｜経験の活かし方と求人の探し方	東京都／給与・定員管理等の状況
180	自治体別	市	津市	転職の進め方と、経験の活かし方	B	city-tsu	津市職員の転職｜経験の活かし方と求人の探し方	三重県／給与・定員管理等の状況
181	自治体別	市	市原市	転職の進め方と、経験の活かし方	B	city-ichihara	市原市職員の転職｜経験の活かし方と求人の探し方	千葉県／給与・定員管理等の状況
182	自治体別	市	府中市	転職の進め方と、経験の活かし方	B	city-fuchu-tokyo	府中市職員の転職｜経験の活かし方と求人の探し方	東京都／給与・定員管理等の状況
183	自治体別	市	徳島市	転職の進め方と、経験の活かし方	B	city-tokushima	徳島市職員の転職｜経験の活かし方と求人の探し方	徳島県／給与・定員管理等の状況
184	自治体別	市	調布市	転職の進め方と、経験の活かし方	B	city-chofu	調布市職員の転職｜経験の活かし方と求人の探し方	東京都／給与・定員管理等の状況
185	自治体別	市	上尾市	転職の進め方と、経験の活かし方	B	city-ageo	上尾市職員の転職｜経験の活かし方と求人の探し方	埼玉県／給与・定員管理等の状況
186	自治体別	市	西東京市	転職の進め方と、経験の活かし方	B	city-nishitokyo	西東京市職員の転職｜経験の活かし方と求人の探し方	東京都／給与・定員管理等の状況
187	自治体別	市	流山市	転職の進め方と、経験の活かし方	B	city-nagareyama	流山市職員の転職｜経験の活かし方と求人の探し方	千葉県／給与・定員管理等の状況
188	自治体別	市	八千代市	転職の進め方と、経験の活かし方	B	city-yachiyo	八千代市職員の転職｜経験の活かし方と求人の探し方	千葉県／給与・定員管理等の状況
189	自治体別	市	小平市	転職の進め方と、経験の活かし方	B	city-kodaira	小平市職員の転職｜経験の活かし方と求人の探し方	東京都／給与・定員管理等の状況
190	自治体別	市	伊丹市	転職の進め方と、経験の活かし方	B	city-itami	伊丹市職員の転職｜経験の活かし方と求人の探し方	兵庫県／給与・定員管理等の状況
191	自治体別	市	東広島市	転職の進め方と、経験の活かし方	B	city-higashihiroshima	東広島市職員の転職｜経験の活かし方と求人の探し方	広島県／給与・定員管理等の状況
192	自治体別	市	鈴鹿市	転職の進め方と、経験の活かし方	B	city-suzuka	鈴鹿市職員の転職｜経験の活かし方と求人の探し方	三重県／給与・定員管理等の状況
193	自治体別	市	三鷹市	転職の進め方と、経験の活かし方	B	city-mitaka	三鷹市職員の転職｜経験の活かし方と求人の探し方	東京都／給与・定員管理等の状況
194	自治体別	市	山口市	転職の進め方と、経験の活かし方	B	city-yamaguchi	山口市職員の転職｜経験の活かし方と求人の探し方	山口県／給与・定員管理等の状況
195	自治体別	市	日野市	転職の進め方と、経験の活かし方	B	city-hino	日野市職員の転職｜経験の活かし方と求人の探し方	東京都／給与・定員管理等の状況
196	自治体別	市	安城市	転職の進め方と、経験の活かし方	B	city-anjo	安城市職員の転職｜経験の活かし方と求人の探し方	愛知県／給与・定員管理等の状況
197	自治体別	市	豊川市	転職の進め方と、経験の活かし方	B	city-toyokawa	豊川市職員の転職｜経験の活かし方と求人の探し方	愛知県／給与・定員管理等の状況
198	自治体別	市	和泉市	転職の進め方と、経験の活かし方	B	city-izumi	和泉市職員の転職｜経験の活かし方と求人の探し方	大阪府／給与・定員管理等の状況
199	自治体別	市	立川市	転職の進め方と、経験の活かし方	B	city-tachikawa	立川市職員の転職｜経験の活かし方と求人の探し方	東京都／給与・定員管理等の状況
200	自治体別	市	宇治市	転職の進め方と、経験の活かし方	B	city-uji	宇治市職員の転職｜経験の活かし方と求人の探し方	京都府／給与・定員管理等の状況
201	自治体別	市	習志野市	転職の進め方と、経験の活かし方	B	city-narashino	習志野市職員の転職｜経験の活かし方と求人の探し方	千葉県／給与・定員管理等の状況
202	自治体別	市	日立市	転職の進め方と、経験の活かし方	B	city-hitachi	日立市職員の転職｜経験の活かし方と求人の探し方	茨城県／給与・定員管理等の状況
203	自治体別	市	出雲市	転職の進め方と、経験の活かし方	B	city-izumo	出雲市職員の転職｜経験の活かし方と求人の探し方	島根県／給与・定員管理等の状況
204	自治体別	市	鎌倉市	転職の進め方と、経験の活かし方	B	city-kamakura	鎌倉市職員の転職｜経験の活かし方と求人の探し方	神奈川県／給与・定員管理等の状況
205	自治体別	市	浦安市	転職の進め方と、経験の活かし方	B	city-urayasu	浦安市職員の転職｜経験の活かし方と求人の探し方	千葉県／給与・定員管理等の状況
206	自治体別	市	苫小牧市	転職の進め方と、経験の活かし方	B	city-tomakomai	苫小牧市職員の転職｜経験の活かし方と求人の探し方	北海道／給与・定員管理等の状況
207	自治体別	市	西尾市	転職の進め方と、経験の活かし方	B	city-nishio	西尾市職員の転職｜経験の活かし方と求人の探し方	愛知県／給与・定員管理等の状況
208	自治体別	市	佐倉市	転職の進め方と、経験の活かし方	B	city-sakura	佐倉市職員の転職｜経験の活かし方と求人の探し方	千葉県／給与・定員管理等の状況
209	自治体別	市	弘前市	転職の進め方と、経験の活かし方	B	city-hirosaki	弘前市職員の転職｜経験の活かし方と求人の探し方	青森県／給与・定員管理等の状況
210	自治体別	市	磐田市	転職の進め方と、経験の活かし方	B	city-iwata	磐田市職員の転職｜経験の活かし方と求人の探し方	静岡県／給与・定員管理等の状況
211	自治体別	市	小山市	転職の進め方と、経験の活かし方	B	city-oyama	小山市職員の転職｜経験の活かし方と求人の探し方	栃木県／給与・定員管理等の状況
212	自治体別	市	帯広市	転職の進め方と、経験の活かし方	B	city-obihiro	帯広市職員の転職｜経験の活かし方と求人の探し方	北海道／給与・定員管理等の状況
213	自治体別	市	高岡市	転職の進め方と、経験の活かし方	B	city-takaoka	高岡市職員の転職｜経験の活かし方と求人の探し方	富山県／給与・定員管理等の状況
214	自治体別	市	新座市	転職の進め方と、経験の活かし方	B	city-niiza	新座市職員の転職｜経験の活かし方と求人の探し方	埼玉県／給与・定員管理等の状況
215	自治体別	市	釧路市	転職の進め方と、経験の活かし方	B	city-kushiro	釧路市職員の転職｜経験の活かし方と求人の探し方	北海道／給与・定員管理等の状況
216	自治体別	市	宇部市	転職の進め方と、経験の活かし方	B	city-ube	宇部市職員の転職｜経験の活かし方と求人の探し方	山口県／給与・定員管理等の状況
217	自治体別	市	秦野市	転職の進め方と、経験の活かし方	B	city-hadano	秦野市職員の転職｜経験の活かし方と求人の探し方	神奈川県／給与・定員管理等の状況
218	自治体別	市	都城市	転職の進め方と、経験の活かし方	B	city-miyakonojo	都城市職員の転職｜経験の活かし方と求人の探し方	宮崎県／給与・定員管理等の状況
219	自治体別	市	松阪市	転職の進め方と、経験の活かし方	B	city-matsusaka	松阪市職員の転職｜経験の活かし方と求人の探し方	三重県／給与・定員管理等の状況
220	自治体別	市	大垣市	転職の進め方と、経験の活かし方	B	city-ogaki	大垣市職員の転職｜経験の活かし方と求人の探し方	岐阜県／給与・定員管理等の状況
221	自治体別	市	ひたちなか市	転職の進め方と、経験の活かし方	B	city-hitachinaka	ひたちなか市職員の転職｜経験の活かし方と求人の探し方	茨城県／給与・定員管理等の状況
222	自治体別	市	栃木市	転職の進め方と、経験の活かし方	B	city-tochigi	栃木市職員の転職｜経験の活かし方と求人の探し方	栃木県／給与・定員管理等の状況
223	自治体別	市	上田市	転職の進め方と、経験の活かし方	B	city-ueda	上田市職員の転職｜経験の活かし方と求人の探し方	長野県／給与・定員管理等の状況
224	自治体別	市	刈谷市	転職の進め方と、経験の活かし方	B	city-kariya	刈谷市職員の転職｜経験の活かし方と求人の探し方	愛知県／給与・定員管理等の状況
225	自治体別	市	野田市	転職の進め方と、経験の活かし方	B	city-noda	野田市職員の転職｜経験の活かし方と求人の探し方	千葉県／給与・定員管理等の状況
226	自治体別	市	川西市	転職の進め方と、経験の活かし方	B	city-kawanishi	川西市職員の転職｜経験の活かし方と求人の探し方	兵庫県／給与・定員管理等の状況
227	自治体別	市	東村山市	転職の進め方と、経験の活かし方	B	city-higashimurayama	東村山市職員の転職｜経験の活かし方と求人の探し方	東京都／給与・定員管理等の状況
228	自治体別	市	今治市	転職の進め方と、経験の活かし方	B	city-imabari	今治市職員の転職｜経験の活かし方と求人の探し方	愛媛県／給与・定員管理等の状況
229	自治体別	市	久喜市	転職の進め方と、経験の活かし方	B	city-kuki	久喜市職員の転職｜経験の活かし方と求人の探し方	埼玉県／給与・定員管理等の状況
230	自治体別	市	武蔵野市	転職の進め方と、経験の活かし方	B	city-musashino	武蔵野市職員の転職｜経験の活かし方と求人の探し方	東京都／給与・定員管理等の状況
231	自治体別	市	小牧市	転職の進め方と、経験の活かし方	B	city-komaki	小牧市職員の転職｜経験の活かし方と求人の探し方	愛知県／給与・定員管理等の状況
232	自治体別	市	狭山市	転職の進め方と、経験の活かし方	B	city-sayama	狭山市職員の転職｜経験の活かし方と求人の探し方	埼玉県／給与・定員管理等の状況
233	自治体別	市	米子市	転職の進め方と、経験の活かし方	B	city-yonago	米子市職員の転職｜経験の活かし方と求人の探し方	鳥取県／給与・定員管理等の状況
234	自治体別	市	多摩市	転職の進め方と、経験の活かし方	B	city-tama	多摩市職員の転職｜経験の活かし方と求人の探し方	東京都／給与・定員管理等の状況
235	自治体別	市	入間市	転職の進め方と、経験の活かし方	B	city-iruma	入間市職員の転職｜経験の活かし方と求人の探し方	埼玉県／給与・定員管理等の状況
236	自治体別	市	足利市	転職の進め方と、経験の活かし方	B	city-ashikaga	足利市職員の転職｜経験の活かし方と求人の探し方	栃木県／給与・定員管理等の状況
237	自治体別	市	各務原市	転職の進め方と、経験の活かし方	B	city-kakamigahara	各務原市職員の転職｜経験の活かし方と求人の探し方	岐阜県／給与・定員管理等の状況
238	自治体別	市	草津市	転職の進め方と、経験の活かし方	B	city-kusatsu	草津市職員の転職｜経験の活かし方と求人の探し方	滋賀県／給与・定員管理等の状況
239	自治体別	市	守口市	転職の進め方と、経験の活かし方	B	city-moriguchi	守口市職員の転職｜経験の活かし方と求人の探し方	大阪府／給与・定員管理等の状況
240	自治体別	市	沖縄市	転職の進め方と、経験の活かし方	B	city-okinawa-city	沖縄市職員の転職｜経験の活かし方と求人の探し方	沖縄県／給与・定員管理等の状況
241	自治体別	市	三郷市	転職の進め方と、経験の活かし方	B	city-misato	三郷市職員の転職｜経験の活かし方と求人の探し方	埼玉県／給与・定員管理等の状況
242	自治体別	市	土浦市	転職の進め方と、経験の活かし方	B	city-tsuchiura	土浦市職員の転職｜経験の活かし方と求人の探し方	茨城県／給与・定員管理等の状況
243	自治体別	市	藤枝市	転職の進め方と、経験の活かし方	B	city-fujieda	藤枝市職員の転職｜経験の活かし方と求人の探し方	静岡県／給与・定員管理等の状況
244	自治体別	市	深谷市	転職の進め方と、経験の活かし方	B	city-fukaya	深谷市職員の転職｜経験の活かし方と求人の探し方	埼玉県／給与・定員管理等の状況
245	自治体別	市	朝霞市	転職の進め方と、経験の活かし方	B	city-asaka	朝霞市職員の転職｜経験の活かし方と求人の探し方	埼玉県／給与・定員管理等の状況
246	自治体別	市	戸田市	転職の進め方と、経験の活かし方	B	city-toda	戸田市職員の転職｜経験の活かし方と求人の探し方	埼玉県／給与・定員管理等の状況
247	自治体別	市	石巻市	転職の進め方と、経験の活かし方	B	city-ishinomaki	石巻市職員の転職｜経験の活かし方と求人の探し方	宮城県／給与・定員管理等の状況
248	自治体別	市	古河市	転職の進め方と、経験の活かし方	B	city-koga	古河市職員の転職｜経験の活かし方と求人の探し方	茨城県／給与・定員管理等の状況
249	自治体別	市	桑名市	転職の進め方と、経験の活かし方	B	city-kuwana	桑名市職員の転職｜経験の活かし方と求人の探し方	三重県／給与・定員管理等の状況
250	自治体別	市	周南市	転職の進め方と、経験の活かし方	B	city-shunan	周南市職員の転職｜経験の活かし方と求人の探し方	山口県／給与・定員管理等の状況
251	自治体別	市	箕面市	転職の進め方と、経験の活かし方	B	city-minoh	箕面市職員の転職｜経験の活かし方と求人の探し方	大阪府／給与・定員管理等の状況
252	自治体別	市	焼津市	転職の進め方と、経験の活かし方	B	city-yaizu	焼津市職員の転職｜経験の活かし方と求人の探し方	静岡県／給与・定員管理等の状況
253	自治体別	市	海老名市	転職の進め方と、経験の活かし方	B	city-ebina	海老名市職員の転職｜経験の活かし方と求人の探し方	神奈川県／給与・定員管理等の状況
254	自治体別	市	木更津市	転職の進め方と、経験の活かし方	B	city-kisarazu	木更津市職員の転職｜経験の活かし方と求人の探し方	千葉県／給与・定員管理等の状況
255	自治体別	市	稲沢市	転職の進め方と、経験の活かし方	B	city-inazawa	稲沢市職員の転職｜経験の活かし方と求人の探し方	愛知県／給与・定員管理等の状況
256	自治体別	市	諫早市	転職の進め方と、経験の活かし方	B	city-isahaya	諫早市職員の転職｜経験の活かし方と求人の探し方	長崎県／給与・定員管理等の状況
257	自治体別	市	青梅市	転職の進め方と、経験の活かし方	B	city-ome	青梅市職員の転職｜経験の活かし方と求人の探し方	東京都／給与・定員管理等の状況
258	自治体別	市	成田市	転職の進め方と、経験の活かし方	B	city-narita	成田市職員の転職｜経験の活かし方と求人の探し方	千葉県／給与・定員管理等の状況
259	自治体別	市	座間市	転職の進め方と、経験の活かし方	B	city-zama	座間市職員の転職｜経験の活かし方と求人の探し方	神奈川県／給与・定員管理等の状況
260	自治体別	市	尾道市	転職の進め方と、経験の活かし方	B	city-onomichi	尾道市職員の転職｜経験の活かし方と求人の探し方	広島県／給与・定員管理等の状況
261	自治体別	市	我孫子市	転職の進め方と、経験の活かし方	B	city-abiko	我孫子市職員の転職｜経験の活かし方と求人の探し方	千葉県／給与・定員管理等の状況
262	自治体別	市	国分寺市	転職の進め方と、経験の活かし方	B	city-kokubunji	国分寺市職員の転職｜経験の活かし方と求人の探し方	東京都／給与・定員管理等の状況
263	自治体別	市	岩国市	転職の進め方と、経験の活かし方	B	city-iwakuni	岩国市職員の転職｜経験の活かし方と求人の探し方	山口県／給与・定員管理等の状況
264	自治体別	市	富士宮市	転職の進め方と、経験の活かし方	B	city-fujinomiya	富士宮市職員の転職｜経験の活かし方と求人の探し方	静岡県／給与・定員管理等の状況
265	自治体別	市	瀬戸市	転職の進め方と、経験の活かし方	B	city-seto	瀬戸市職員の転職｜経験の活かし方と求人の探し方	愛知県／給与・定員管理等の状況
266	自治体別	市	大崎市	転職の進め方と、経験の活かし方	B	city-osaki	大崎市職員の転職｜経験の活かし方と求人の探し方	宮城県／給与・定員管理等の状況
267	自治体別	市	飯塚市	転職の進め方と、経験の活かし方	B	city-iizuka	飯塚市職員の転職｜経験の活かし方と求人の探し方	福岡県／給与・定員管理等の状況
268	自治体別	市	小金井市	転職の進め方と、経験の活かし方	B	city-koganei	小金井市職員の転職｜経験の活かし方と求人の探し方	東京都／給与・定員管理等の状況
269	自治体別	市	うるま市	転職の進め方と、経験の活かし方	B	city-uruma	うるま市職員の転職｜経験の活かし方と求人の探し方	沖縄県／給与・定員管理等の状況
270	自治体別	市	霧島市	転職の進め方と、経験の活かし方	B	city-kirishima	霧島市職員の転職｜経験の活かし方と求人の探し方	鹿児島県／給与・定員管理等の状況
271	自治体別	市	八代市	転職の進め方と、経験の活かし方	B	city-yatsushiro	八代市職員の転職｜経験の活かし方と求人の探し方	熊本県／給与・定員管理等の状況
272	自治体別	市	伊勢市	転職の進め方と、経験の活かし方	B	city-ise	伊勢市職員の転職｜経験の活かし方と求人の探し方	三重県／給与・定員管理等の状況
273	自治体別	市	鶴岡市	転職の進め方と、経験の活かし方	B	city-tsuruoka	鶴岡市職員の転職｜経験の活かし方と求人の探し方	山形県／給与・定員管理等の状況
274	自治体別	市	江別市	転職の進め方と、経験の活かし方	B	city-ebetsu	江別市職員の転職｜経験の活かし方と求人の探し方	北海道／給与・定員管理等の状況
275	自治体別	市	橿原市	転職の進め方と、経験の活かし方	B	city-kashihara	橿原市職員の転職｜経験の活かし方と求人の探し方	奈良県／給与・定員管理等の状況
276	自治体別	市	門真市	転職の進め方と、経験の活かし方	B	city-kadoma	門真市職員の転職｜経験の活かし方と求人の探し方	大阪府／給与・定員管理等の状況
277	自治体別	市	大東市	転職の進め方と、経験の活かし方	B	city-daito	大東市職員の転職｜経験の活かし方と求人の探し方	大阪府／給与・定員管理等の状況
278	自治体別	市	延岡市	転職の進め方と、経験の活かし方	B	city-nobeoka	延岡市職員の転職｜経験の活かし方と求人の探し方	宮崎県／給与・定員管理等の状況
279	自治体別	市	半田市	転職の進め方と、経験の活かし方	B	city-handa	半田市職員の転職｜経験の活かし方と求人の探し方	愛知県／給与・定員管理等の状況
280	自治体別	市	松原市	転職の進め方と、経験の活かし方	B	city-matsubara	松原市職員の転職｜経験の活かし方と求人の探し方	大阪府／給与・定員管理等の状況
281	自治体別	市	会津若松市	転職の進め方と、経験の活かし方	B	city-aizuwakamatsu	会津若松市職員の転職｜経験の活かし方と求人の探し方	福島県／給与・定員管理等の状況
282	自治体別	市	唐津市	転職の進め方と、経験の活かし方	B	city-karatsu	唐津市職員の転職｜経験の活かし方と求人の探し方	佐賀県／給与・定員管理等の状況
283	自治体別	市	鴻巣市	転職の進め方と、経験の活かし方	B	city-konosu	鴻巣市職員の転職｜経験の活かし方と求人の探し方	埼玉県／給与・定員管理等の状況
284	自治体別	市	生駒市	転職の進め方と、経験の活かし方	B	city-ikoma	生駒市職員の転職｜経験の活かし方と求人の探し方	奈良県／給与・定員管理等の状況
285	自治体別	市	佐野市	転職の進め方と、経験の活かし方	B	city-sano	佐野市職員の転職｜経験の活かし方と求人の探し方	栃木県／給与・定員管理等の状況
286	自治体別	市	新居浜市	転職の進め方と、経験の活かし方	B	city-niihama	新居浜市職員の転職｜経験の活かし方と求人の探し方	愛媛県／給与・定員管理等の状況
287	自治体別	市	浦添市	転職の進め方と、経験の活かし方	B	city-urasoe	浦添市職員の転職｜経験の活かし方と求人の探し方	沖縄県／給与・定員管理等の状況
288	自治体別	市	北見市	転職の進め方と、経験の活かし方	B	city-kitami	北見市職員の転職｜経験の活かし方と求人の探し方	北海道／給与・定員管理等の状況
289	自治体別	市	別府市	転職の進め方と、経験の活かし方	B	city-beppu	別府市職員の転職｜経験の活かし方と求人の探し方	大分県／給与・定員管理等の状況
290	自治体別	市	東久留米市	転職の進め方と、経験の活かし方	B	city-higashikurume	東久留米市職員の転職｜経験の活かし方と求人の探し方	東京都／給与・定員管理等の状況
291	自治体別	市	那須塩原市	転職の進め方と、経験の活かし方	B	city-nasushiobara	那須塩原市職員の転職｜経験の活かし方と求人の探し方	栃木県／給与・定員管理等の状況
292	自治体別	市	掛川市	転職の進め方と、経験の活かし方	B	city-kakegawa	掛川市職員の転職｜経験の活かし方と求人の探し方	静岡県／給与・定員管理等の状況
293	自治体別	市	廿日市市	転職の進め方と、経験の活かし方	B	city-hatsukaichi	廿日市市職員の転職｜経験の活かし方と求人の探し方	広島県／給与・定員管理等の状況
294	自治体別	市	防府市	転職の進め方と、経験の活かし方	B	city-hofu	防府市職員の転職｜経験の活かし方と求人の探し方	山口県／給与・定員管理等の状況
295	自治体別	市	昭島市	転職の進め方と、経験の活かし方	B	city-akishima	昭島市職員の転職｜経験の活かし方と求人の探し方	東京都／給与・定員管理等の状況
296	自治体別	市	東海市	転職の進め方と、経験の活かし方	B	city-tokai	東海市職員の転職｜経験の活かし方と求人の探し方	愛知県／給与・定員管理等の状況
297	自治体別	市	彦根市	転職の進め方と、経験の活かし方	B	city-hikone	彦根市職員の転職｜経験の活かし方と求人の探し方	滋賀県／給与・定員管理等の状況
298	自治体別	市	長浜市	転職の進め方と、経験の活かし方	B	city-nagahama	長浜市職員の転職｜経験の活かし方と求人の探し方	滋賀県／給与・定員管理等の状況
299	自治体別	市	ふじみ野市	転職の進め方と、経験の活かし方	B	city-fujimino	ふじみ野市職員の転職｜経験の活かし方と求人の探し方	埼玉県／給与・定員管理等の状況
300	自治体別	市	奥州市	転職の進め方と、経験の活かし方	B	city-oshu	奥州市職員の転職｜経験の活かし方と求人の探し方	岩手県／給与・定員管理等の状況
301	自治体別	市	東近江市	転職の進め方と、経験の活かし方	B	city-higashiomi	東近江市職員の転職｜経験の活かし方と求人の探し方	滋賀県／給与・定員管理等の状況
302	自治体別	市	一関市	転職の進め方と、経験の活かし方	B	city-ichinoseki	一関市職員の転職｜経験の活かし方と求人の探し方	岩手県／給与・定員管理等の状況
303	自治体別	市	富士見市	転職の進め方と、経験の活かし方	B	city-fujimi	富士見市職員の転職｜経験の活かし方と求人の探し方	埼玉県／給与・定員管理等の状況
304	自治体別	市	加須市	転職の進め方と、経験の活かし方	B	city-kazo	加須市職員の転職｜経験の活かし方と求人の探し方	埼玉県／給与・定員管理等の状況
305	自治体別	市	小樽市	転職の進め方と、経験の活かし方	B	city-otaru	小樽市職員の転職｜経験の活かし方と求人の探し方	北海道／給与・定員管理等の状況
306	自治体別	市	大牟田市	転職の進め方と、経験の活かし方	B	city-omuta	大牟田市職員の転職｜経験の活かし方と求人の探し方	福岡県／給与・定員管理等の状況
307	自治体別	市	春日市	転職の進め方と、経験の活かし方	B	city-kasuga	春日市職員の転職｜経験の活かし方と求人の探し方	福岡県／給与・定員管理等の状況
308	自治体別	市	白山市	転職の進め方と、経験の活かし方	B	city-hakusan	白山市職員の転職｜経験の活かし方と求人の探し方	石川県／給与・定員管理等の状況
309	自治体別	市	鎌ケ谷市	転職の進め方と、経験の活かし方	B	city-kamagaya	鎌ケ谷市職員の転職｜経験の活かし方と求人の探し方	千葉県／給与・定員管理等の状況
310	自治体別	市	丸亀市	転職の進め方と、経験の活かし方	B	city-marugame	丸亀市職員の転職｜経験の活かし方と求人の探し方	香川県／給与・定員管理等の状況
311	自治体別	市	三田市	転職の進め方と、経験の活かし方	B	city-sanda	三田市職員の転職｜経験の活かし方と求人の探し方	兵庫県／給与・定員管理等の状況
312	自治体別	市	羽曳野市	転職の進め方と、経験の活かし方	B	city-habikino	羽曳野市職員の転職｜経験の活かし方と求人の探し方	大阪府／給与・定員管理等の状況
313	自治体別	市	富田林市	転職の進め方と、経験の活かし方	B	city-tondabayashi	富田林市職員の転職｜経験の活かし方と求人の探し方	大阪府／給与・定員管理等の状況
314	自治体別	市	三島市	転職の進め方と、経験の活かし方	B	city-mishima	三島市職員の転職｜経験の活かし方と求人の探し方	静岡県／給与・定員管理等の状況
315	自治体別	市	多治見市	転職の進め方と、経験の活かし方	B	city-tajimi	多治見市職員の転職｜経験の活かし方と求人の探し方	岐阜県／給与・定員管理等の状況
316	自治体別	市	桐生市	転職の進め方と、経験の活かし方	B	city-kiryu	桐生市職員の転職｜経験の活かし方と求人の探し方	群馬県／給与・定員管理等の状況
317	自治体別	市	小松市	転職の進め方と、経験の活かし方	B	city-komatsu	小松市職員の転職｜経験の活かし方と求人の探し方	石川県／給与・定員管理等の状況
318	自治体別	市	池田市	転職の進め方と、経験の活かし方	B	city-ikeda	池田市職員の転職｜経験の活かし方と求人の探し方	大阪府／給与・定員管理等の状況
319	自治体別	市	西条市	転職の進め方と、経験の活かし方	B	city-saijo	西条市職員の転職｜経験の活かし方と求人の探し方	愛媛県／給与・定員管理等の状況
320	自治体別	市	取手市	転職の進め方と、経験の活かし方	B	city-toride	取手市職員の転職｜経験の活かし方と求人の探し方	茨城県／給与・定員管理等の状況
321	自治体別	市	筑紫野市	転職の進め方と、経験の活かし方	B	city-chikushino	筑紫野市職員の転職｜経験の活かし方と求人の探し方	福岡県／給与・定員管理等の状況
322	自治体別	市	印西市	転職の進め方と、経験の活かし方	B	city-inzai	印西市職員の転職｜経験の活かし方と求人の探し方	千葉県／給与・定員管理等の状況
323	自治体別	市	大野城市	転職の進め方と、経験の活かし方	B	city-onojo	大野城市職員の転職｜経験の活かし方と求人の探し方	福岡県／給与・定員管理等の状況
324	自治体別	市	伊勢原市	転職の進め方と、経験の活かし方	B	city-isehara	伊勢原市職員の転職｜経験の活かし方と求人の探し方	神奈川県／給与・定員管理等の状況
325	自治体別	市	河内長野市	転職の進め方と、経験の活かし方	B	city-kawachinagano	河内長野市職員の転職｜経験の活かし方と求人の探し方	大阪府／給与・定員管理等の状況
326	自治体別	市	鹿屋市	転職の進め方と、経験の活かし方	B	city-kanoya	鹿屋市職員の転職｜経験の活かし方と求人の探し方	鹿児島県／給与・定員管理等の状況
327	自治体別	市	筑西市	転職の進め方と、経験の活かし方	B	city-chikusei	筑西市職員の転職｜経験の活かし方と求人の探し方	茨城県／給与・定員管理等の状況
328	自治体別	市	坂戸市	転職の進め方と、経験の活かし方	B	city-sakado	坂戸市職員の転職｜経験の活かし方と求人の探し方	埼玉県／給与・定員管理等の状況
329	自治体別	市	酒田市	転職の進め方と、経験の活かし方	B	city-sakata	酒田市職員の転職｜経験の活かし方と求人の探し方	山形県／給与・定員管理等の状況
330	自治体別	市	泉佐野市	転職の進め方と、経験の活かし方	B	city-izumisano	泉佐野市職員の転職｜経験の活かし方と求人の探し方	大阪府／給与・定員管理等の状況
331	自治体別	市	宜野湾市	転職の進め方と、経験の活かし方	B	city-ginowan	宜野湾市職員の転職｜経験の活かし方と求人の探し方	沖縄県／給与・定員管理等の状況
332	自治体別	市	可児市	転職の進め方と、経験の活かし方	B	city-kani	可児市職員の転職｜経験の活かし方と求人の探し方	岐阜県／給与・定員管理等の状況
333	自治体別	市	津山市	転職の進め方と、経験の活かし方	B	city-tsuyama	津山市職員の転職｜経験の活かし方と求人の探し方	岡山県／給与・定員管理等の状況
334	自治体別	市	糸島市	転職の進め方と、経験の活かし方	B	city-itoshima	糸島市職員の転職｜経験の活かし方と求人の探し方	福岡県／給与・定員管理等の状況
335	自治体別	市	江南市	転職の進め方と、経験の活かし方	B	city-konan	江南市職員の転職｜経験の活かし方と求人の探し方	愛知県／給与・定員管理等の状況
336	自治体別	市	佐久市	転職の進め方と、経験の活かし方	B	city-saku	佐久市職員の転職｜経験の活かし方と求人の探し方	長野県／給与・定員管理等の状況
337	自治体別	市	飯田市	転職の進め方と、経験の活かし方	B	city-iida	飯田市職員の転職｜経験の活かし方と求人の探し方	長野県／給与・定員管理等の状況
338	自治体別	市	千歳市	転職の進め方と、経験の活かし方	B	city-chitose	千歳市職員の転職｜経験の活かし方と求人の探し方	北海道／給与・定員管理等の状況
339	自治体別	市	宗像市	転職の進め方と、経験の活かし方	B	city-munakata	宗像市職員の転職｜経験の活かし方と求人の探し方	福岡県／給与・定員管理等の状況
340	自治体別	市	島田市	転職の進め方と、経験の活かし方	B	city-shimada	島田市職員の転職｜経験の活かし方と求人の探し方	静岡県／給与・定員管理等の状況
341	自治体別	市	神栖市	転職の進め方と、経験の活かし方	B	city-kamisu	神栖市職員の転職｜経験の活かし方と求人の探し方	茨城県／給与・定員管理等の状況
342	自治体別	市	大村市	転職の進め方と、経験の活かし方	B	city-omura	大村市職員の転職｜経験の活かし方と求人の探し方	長崎県／給与・定員管理等の状況
343	自治体別	市	新発田市	転職の進め方と、経験の活かし方	B	city-shibata	新発田市職員の転職｜経験の活かし方と求人の探し方	新潟県／給与・定員管理等の状況
344	自治体別	市	三条市	転職の進め方と、経験の活かし方	B	city-sanjo	三条市職員の転職｜経験の活かし方と求人の探し方	新潟県／給与・定員管理等の状況
345	自治体別	市	安曇野市	転職の進め方と、経験の活かし方	B	city-azumino	安曇野市職員の転職｜経験の活かし方と求人の探し方	長野県／給与・定員管理等の状況
346	自治体別	市	鹿沼市	転職の進め方と、経験の活かし方	B	city-kanuma	鹿沼市職員の転職｜経験の活かし方と求人の探し方	栃木県／給与・定員管理等の状況
347	自治体別	市	芦屋市	転職の進め方と、経験の活かし方	B	city-ashiya	芦屋市職員の転職｜経験の活かし方と求人の探し方	兵庫県／給与・定員管理等の状況
348	自治体別	市	四街道市	転職の進め方と、経験の活かし方	B	city-yotsukaido	四街道市職員の転職｜経験の活かし方と求人の探し方	千葉県／給与・定員管理等の状況
349	自治体別	市	八潮市	転職の進め方と、経験の活かし方	B	city-yashio	八潮市職員の転職｜経験の活かし方と求人の探し方	埼玉県／給与・定員管理等の状況
350	自治体別	市	花巻市	転職の進め方と、経験の活かし方	B	city-hanamaki	花巻市職員の転職｜経験の活かし方と求人の探し方	岩手県／給与・定員管理等の状況
351	部署別	財政課	財政課	民間での言い換え	S	dept-zaisei-honyaku	財政課の経験は民間で何と呼ばれるか	事務分掌規則／部署別 仕事ガイドから内部リンク
352	部署別	財政課	財政課	向いている転職先	S	dept-zaisei-tenshokusaki	財政課から転職しやすい業界と職種	事務分掌規則／部署別 仕事ガイドから内部リンク
353	部署別	財政課	財政課	職務経歴書の書き方	S	dept-zaisei-shokumu	財政課の職務経歴書｜書き出しから実績の出し方まで	事務分掌規則／部署別 仕事ガイドから内部リンク
354	部署別	財政課	財政課	面接で聞かれること	S	dept-zaisei-mensetsu	財政課出身者が面接で必ず聞かれること	事務分掌規則／部署別 仕事ガイドから内部リンク
355	部署別	財政課	財政課	働き方と評価	S	dept-zaisei-hatarakikata	財政課から民間に移ると働き方と評価はどう変わるか	事務分掌規則／部署別 仕事ガイドから内部リンク
356	部署別	会計課・出納室	会計課・出納室	民間での言い換え	S	dept-kaikei-honyaku	会計課・出納室の経験は民間で何と呼ばれるか	事務分掌規則／部署別 仕事ガイドから内部リンク
357	部署別	会計課・出納室	会計課・出納室	向いている転職先	S	dept-kaikei-tenshokusaki	会計課・出納室から転職しやすい業界と職種	事務分掌規則／部署別 仕事ガイドから内部リンク
358	部署別	会計課・出納室	会計課・出納室	職務経歴書の書き方	S	dept-kaikei-shokumu	会計課・出納室の職務経歴書｜書き出しから実績の出し方まで	事務分掌規則／部署別 仕事ガイドから内部リンク
359	部署別	会計課・出納室	会計課・出納室	面接で聞かれること	S	dept-kaikei-mensetsu	会計課・出納室出身者が面接で必ず聞かれること	事務分掌規則／部署別 仕事ガイドから内部リンク
360	部署別	会計課・出納室	会計課・出納室	働き方と評価	S	dept-kaikei-hatarakikata	会計課・出納室から民間に移ると働き方と評価はどう変わるか	事務分掌規則／部署別 仕事ガイドから内部リンク
361	部署別	企画課・政策企画	企画課・政策企画	民間での言い換え	S	dept-kikaku-honyaku	企画課・政策企画の経験は民間で何と呼ばれるか	事務分掌規則／部署別 仕事ガイドから内部リンク
362	部署別	企画課・政策企画	企画課・政策企画	向いている転職先	S	dept-kikaku-tenshokusaki	企画課・政策企画から転職しやすい業界と職種	事務分掌規則／部署別 仕事ガイドから内部リンク
363	部署別	企画課・政策企画	企画課・政策企画	職務経歴書の書き方	S	dept-kikaku-shokumu	企画課・政策企画の職務経歴書｜書き出しから実績の出し方まで	事務分掌規則／部署別 仕事ガイドから内部リンク
364	部署別	企画課・政策企画	企画課・政策企画	面接で聞かれること	S	dept-kikaku-mensetsu	企画課・政策企画出身者が面接で必ず聞かれること	事務分掌規則／部署別 仕事ガイドから内部リンク
365	部署別	企画課・政策企画	企画課・政策企画	働き方と評価	S	dept-kikaku-hatarakikata	企画課・政策企画から民間に移ると働き方と評価はどう変わるか	事務分掌規則／部署別 仕事ガイドから内部リンク
366	部署別	税務課	税務課	民間での言い換え	S	dept-zeimu-honyaku	税務課の経験は民間で何と呼ばれるか	事務分掌規則／部署別 仕事ガイドから内部リンク
367	部署別	税務課	税務課	向いている転職先	S	dept-zeimu-tenshokusaki	税務課から転職しやすい業界と職種	事務分掌規則／部署別 仕事ガイドから内部リンク
368	部署別	税務課	税務課	職務経歴書の書き方	S	dept-zeimu-shokumu	税務課の職務経歴書｜書き出しから実績の出し方まで	事務分掌規則／部署別 仕事ガイドから内部リンク
369	部署別	税務課	税務課	面接で聞かれること	S	dept-zeimu-mensetsu	税務課出身者が面接で必ず聞かれること	事務分掌規則／部署別 仕事ガイドから内部リンク
370	部署別	税務課	税務課	働き方と評価	S	dept-zeimu-hatarakikata	税務課から民間に移ると働き方と評価はどう変わるか	事務分掌規則／部署別 仕事ガイドから内部リンク
371	部署別	情報政策課・DX推進	情報政策課・DX推進	民間での言い換え	S	dept-joho-honyaku	情報政策課・DX推進の経験は民間で何と呼ばれるか	事務分掌規則／部署別 仕事ガイドから内部リンク
372	部署別	情報政策課・DX推進	情報政策課・DX推進	向いている転職先	S	dept-joho-tenshokusaki	情報政策課・DX推進から転職しやすい業界と職種	事務分掌規則／部署別 仕事ガイドから内部リンク
373	部署別	情報政策課・DX推進	情報政策課・DX推進	職務経歴書の書き方	S	dept-joho-shokumu	情報政策課・DX推進の職務経歴書｜書き出しから実績の出し方まで	事務分掌規則／部署別 仕事ガイドから内部リンク
374	部署別	情報政策課・DX推進	情報政策課・DX推進	面接で聞かれること	S	dept-joho-mensetsu	情報政策課・DX推進出身者が面接で必ず聞かれること	事務分掌規則／部署別 仕事ガイドから内部リンク
375	部署別	情報政策課・DX推進	情報政策課・DX推進	働き方と評価	S	dept-joho-hatarakikata	情報政策課・DX推進から民間に移ると働き方と評価はどう変わるか	事務分掌規則／部署別 仕事ガイドから内部リンク
376	部署別	人事課	人事課	民間での言い換え	S	dept-jinji-honyaku	人事課の経験は民間で何と呼ばれるか	事務分掌規則／部署別 仕事ガイドから内部リンク
377	部署別	人事課	人事課	向いている転職先	S	dept-jinji-tenshokusaki	人事課から転職しやすい業界と職種	事務分掌規則／部署別 仕事ガイドから内部リンク
378	部署別	人事課	人事課	職務経歴書の書き方	S	dept-jinji-shokumu	人事課の職務経歴書｜書き出しから実績の出し方まで	事務分掌規則／部署別 仕事ガイドから内部リンク
379	部署別	人事課	人事課	面接で聞かれること	S	dept-jinji-mensetsu	人事課出身者が面接で必ず聞かれること	事務分掌規則／部署別 仕事ガイドから内部リンク
380	部署別	人事課	人事課	働き方と評価	S	dept-jinji-hatarakikata	人事課から民間に移ると働き方と評価はどう変わるか	事務分掌規則／部署別 仕事ガイドから内部リンク
381	部署別	総務課	総務課	民間での言い換え	A	dept-somu-honyaku	総務課の経験は民間で何と呼ばれるか	事務分掌規則／部署別 仕事ガイドから内部リンク
382	部署別	総務課	総務課	向いている転職先	A	dept-somu-tenshokusaki	総務課から転職しやすい業界と職種	事務分掌規則／部署別 仕事ガイドから内部リンク
383	部署別	総務課	総務課	職務経歴書の書き方	A	dept-somu-shokumu	総務課の職務経歴書｜書き出しから実績の出し方まで	事務分掌規則／部署別 仕事ガイドから内部リンク
384	部署別	総務課	総務課	面接で聞かれること	A	dept-somu-mensetsu	総務課出身者が面接で必ず聞かれること	事務分掌規則／部署別 仕事ガイドから内部リンク
385	部署別	総務課	総務課	働き方と評価	A	dept-somu-hatarakikata	総務課から民間に移ると働き方と評価はどう変わるか	事務分掌規則／部署別 仕事ガイドから内部リンク
386	部署別	契約検査課	契約検査課	民間での言い換え	S	dept-keiyaku-honyaku	契約検査課の経験は民間で何と呼ばれるか	事務分掌規則／部署別 仕事ガイドから内部リンク
387	部署別	契約検査課	契約検査課	向いている転職先	S	dept-keiyaku-tenshokusaki	契約検査課から転職しやすい業界と職種	事務分掌規則／部署別 仕事ガイドから内部リンク
388	部署別	契約検査課	契約検査課	職務経歴書の書き方	S	dept-keiyaku-shokumu	契約検査課の職務経歴書｜書き出しから実績の出し方まで	事務分掌規則／部署別 仕事ガイドから内部リンク
389	部署別	契約検査課	契約検査課	面接で聞かれること	S	dept-keiyaku-mensetsu	契約検査課出身者が面接で必ず聞かれること	事務分掌規則／部署別 仕事ガイドから内部リンク
390	部署別	契約検査課	契約検査課	働き方と評価	S	dept-keiyaku-hatarakikata	契約検査課から民間に移ると働き方と評価はどう変わるか	事務分掌規則／部署別 仕事ガイドから内部リンク
391	部署別	管財課	管財課	民間での言い換え	A	dept-kanzai-honyaku	管財課の経験は民間で何と呼ばれるか	事務分掌規則／部署別 仕事ガイドから内部リンク
392	部署別	管財課	管財課	向いている転職先	A	dept-kanzai-tenshokusaki	管財課から転職しやすい業界と職種	事務分掌規則／部署別 仕事ガイドから内部リンク
393	部署別	管財課	管財課	職務経歴書の書き方	A	dept-kanzai-shokumu	管財課の職務経歴書｜書き出しから実績の出し方まで	事務分掌規則／部署別 仕事ガイドから内部リンク
394	部署別	管財課	管財課	面接で聞かれること	A	dept-kanzai-mensetsu	管財課出身者が面接で必ず聞かれること	事務分掌規則／部署別 仕事ガイドから内部リンク
395	部署別	管財課	管財課	働き方と評価	A	dept-kanzai-hatarakikata	管財課から民間に移ると働き方と評価はどう変わるか	事務分掌規則／部署別 仕事ガイドから内部リンク
396	部署別	広報広聴課	広報広聴課	民間での言い換え	A	dept-koho-honyaku	広報広聴課の経験は民間で何と呼ばれるか	事務分掌規則／部署別 仕事ガイドから内部リンク
397	部署別	広報広聴課	広報広聴課	向いている転職先	A	dept-koho-tenshokusaki	広報広聴課から転職しやすい業界と職種	事務分掌規則／部署別 仕事ガイドから内部リンク
398	部署別	広報広聴課	広報広聴課	職務経歴書の書き方	A	dept-koho-shokumu	広報広聴課の職務経歴書｜書き出しから実績の出し方まで	事務分掌規則／部署別 仕事ガイドから内部リンク
399	部署別	広報広聴課	広報広聴課	面接で聞かれること	A	dept-koho-mensetsu	広報広聴課出身者が面接で必ず聞かれること	事務分掌規則／部署別 仕事ガイドから内部リンク
400	部署別	広報広聴課	広報広聴課	働き方と評価	A	dept-koho-hatarakikata	広報広聴課から民間に移ると働き方と評価はどう変わるか	事務分掌規則／部署別 仕事ガイドから内部リンク
401	部署別	議会事務局	議会事務局	民間での言い換え	A	dept-gikai-honyaku	議会事務局の経験は民間で何と呼ばれるか	事務分掌規則／部署別 仕事ガイドから内部リンク
402	部署別	議会事務局	議会事務局	向いている転職先	A	dept-gikai-tenshokusaki	議会事務局から転職しやすい業界と職種	事務分掌規則／部署別 仕事ガイドから内部リンク
403	部署別	議会事務局	議会事務局	職務経歴書の書き方	A	dept-gikai-shokumu	議会事務局の職務経歴書｜書き出しから実績の出し方まで	事務分掌規則／部署別 仕事ガイドから内部リンク
404	部署別	議会事務局	議会事務局	面接で聞かれること	A	dept-gikai-mensetsu	議会事務局出身者が面接で必ず聞かれること	事務分掌規則／部署別 仕事ガイドから内部リンク
405	部署別	議会事務局	議会事務局	働き方と評価	A	dept-gikai-hatarakikata	議会事務局から民間に移ると働き方と評価はどう変わるか	事務分掌規則／部署別 仕事ガイドから内部リンク
406	部署別	監査委員事務局	監査委員事務局	民間での言い換え	A	dept-kansa-honyaku	監査委員事務局の経験は民間で何と呼ばれるか	事務分掌規則／部署別 仕事ガイドから内部リンク
407	部署別	監査委員事務局	監査委員事務局	向いている転職先	A	dept-kansa-tenshokusaki	監査委員事務局から転職しやすい業界と職種	事務分掌規則／部署別 仕事ガイドから内部リンク
408	部署別	監査委員事務局	監査委員事務局	職務経歴書の書き方	A	dept-kansa-shokumu	監査委員事務局の職務経歴書｜書き出しから実績の出し方まで	事務分掌規則／部署別 仕事ガイドから内部リンク
409	部署別	監査委員事務局	監査委員事務局	面接で聞かれること	A	dept-kansa-mensetsu	監査委員事務局出身者が面接で必ず聞かれること	事務分掌規則／部署別 仕事ガイドから内部リンク
410	部署別	監査委員事務局	監査委員事務局	働き方と評価	A	dept-kansa-hatarakikata	監査委員事務局から民間に移ると働き方と評価はどう変わるか	事務分掌規則／部署別 仕事ガイドから内部リンク
411	部署別	危機管理・防災課	危機管理・防災課	民間での言い換え	A	dept-bosai-honyaku	危機管理・防災課の経験は民間で何と呼ばれるか	事務分掌規則／部署別 仕事ガイドから内部リンク
412	部署別	危機管理・防災課	危機管理・防災課	向いている転職先	A	dept-bosai-tenshokusaki	危機管理・防災課から転職しやすい業界と職種	事務分掌規則／部署別 仕事ガイドから内部リンク
413	部署別	危機管理・防災課	危機管理・防災課	職務経歴書の書き方	A	dept-bosai-shokumu	危機管理・防災課の職務経歴書｜書き出しから実績の出し方まで	事務分掌規則／部署別 仕事ガイドから内部リンク
414	部署別	危機管理・防災課	危機管理・防災課	面接で聞かれること	A	dept-bosai-mensetsu	危機管理・防災課出身者が面接で必ず聞かれること	事務分掌規則／部署別 仕事ガイドから内部リンク
415	部署別	危機管理・防災課	危機管理・防災課	働き方と評価	A	dept-bosai-hatarakikata	危機管理・防災課から民間に移ると働き方と評価はどう変わるか	事務分掌規則／部署別 仕事ガイドから内部リンク
416	部署別	市民課・戸籍住民課	市民課・戸籍住民課	民間での言い換え	A	dept-shimin-honyaku	市民課・戸籍住民課の経験は民間で何と呼ばれるか	事務分掌規則／部署別 仕事ガイドから内部リンク
417	部署別	市民課・戸籍住民課	市民課・戸籍住民課	向いている転職先	A	dept-shimin-tenshokusaki	市民課・戸籍住民課から転職しやすい業界と職種	事務分掌規則／部署別 仕事ガイドから内部リンク
418	部署別	市民課・戸籍住民課	市民課・戸籍住民課	職務経歴書の書き方	A	dept-shimin-shokumu	市民課・戸籍住民課の職務経歴書｜書き出しから実績の出し方まで	事務分掌規則／部署別 仕事ガイドから内部リンク
419	部署別	市民課・戸籍住民課	市民課・戸籍住民課	面接で聞かれること	A	dept-shimin-mensetsu	市民課・戸籍住民課出身者が面接で必ず聞かれること	事務分掌規則／部署別 仕事ガイドから内部リンク
420	部署別	市民課・戸籍住民課	市民課・戸籍住民課	働き方と評価	A	dept-shimin-hatarakikata	市民課・戸籍住民課から民間に移ると働き方と評価はどう変わるか	事務分掌規則／部署別 仕事ガイドから内部リンク
421	部署別	国保年金課	国保年金課	民間での言い換え	A	dept-kokuho-honyaku	国保年金課の経験は民間で何と呼ばれるか	事務分掌規則／部署別 仕事ガイドから内部リンク
422	部署別	国保年金課	国保年金課	向いている転職先	A	dept-kokuho-tenshokusaki	国保年金課から転職しやすい業界と職種	事務分掌規則／部署別 仕事ガイドから内部リンク
423	部署別	国保年金課	国保年金課	職務経歴書の書き方	A	dept-kokuho-shokumu	国保年金課の職務経歴書｜書き出しから実績の出し方まで	事務分掌規則／部署別 仕事ガイドから内部リンク
424	部署別	国保年金課	国保年金課	面接で聞かれること	A	dept-kokuho-mensetsu	国保年金課出身者が面接で必ず聞かれること	事務分掌規則／部署別 仕事ガイドから内部リンク
425	部署別	国保年金課	国保年金課	働き方と評価	A	dept-kokuho-hatarakikata	国保年金課から民間に移ると働き方と評価はどう変わるか	事務分掌規則／部署別 仕事ガイドから内部リンク
426	部署別	福祉事務所・生活保護	福祉事務所・生活保護	民間での言い換え	A	dept-seikatsu-honyaku	福祉事務所・生活保護の経験は民間で何と呼ばれるか	事務分掌規則／部署別 仕事ガイドから内部リンク
427	部署別	福祉事務所・生活保護	福祉事務所・生活保護	向いている転職先	A	dept-seikatsu-tenshokusaki	福祉事務所・生活保護から転職しやすい業界と職種	事務分掌規則／部署別 仕事ガイドから内部リンク
428	部署別	福祉事務所・生活保護	福祉事務所・生活保護	職務経歴書の書き方	A	dept-seikatsu-shokumu	福祉事務所・生活保護の職務経歴書｜書き出しから実績の出し方まで	事務分掌規則／部署別 仕事ガイドから内部リンク
429	部署別	福祉事務所・生活保護	福祉事務所・生活保護	面接で聞かれること	A	dept-seikatsu-mensetsu	福祉事務所・生活保護出身者が面接で必ず聞かれること	事務分掌規則／部署別 仕事ガイドから内部リンク
430	部署別	福祉事務所・生活保護	福祉事務所・生活保護	働き方と評価	A	dept-seikatsu-hatarakikata	福祉事務所・生活保護から民間に移ると働き方と評価はどう変わるか	事務分掌規則／部署別 仕事ガイドから内部リンク
431	部署別	高齢福祉・介護保険課	高齢福祉・介護保険課	民間での言い換え	A	dept-kaigo-honyaku	高齢福祉・介護保険課の経験は民間で何と呼ばれるか	事務分掌規則／部署別 仕事ガイドから内部リンク
432	部署別	高齢福祉・介護保険課	高齢福祉・介護保険課	向いている転職先	A	dept-kaigo-tenshokusaki	高齢福祉・介護保険課から転職しやすい業界と職種	事務分掌規則／部署別 仕事ガイドから内部リンク
433	部署別	高齢福祉・介護保険課	高齢福祉・介護保険課	職務経歴書の書き方	A	dept-kaigo-shokumu	高齢福祉・介護保険課の職務経歴書｜書き出しから実績の出し方まで	事務分掌規則／部署別 仕事ガイドから内部リンク
434	部署別	高齢福祉・介護保険課	高齢福祉・介護保険課	面接で聞かれること	A	dept-kaigo-mensetsu	高齢福祉・介護保険課出身者が面接で必ず聞かれること	事務分掌規則／部署別 仕事ガイドから内部リンク
435	部署別	高齢福祉・介護保険課	高齢福祉・介護保険課	働き方と評価	A	dept-kaigo-hatarakikata	高齢福祉・介護保険課から民間に移ると働き方と評価はどう変わるか	事務分掌規則／部署別 仕事ガイドから内部リンク
436	部署別	障害福祉課	障害福祉課	民間での言い換え	A	dept-shogai-honyaku	障害福祉課の経験は民間で何と呼ばれるか	事務分掌規則／部署別 仕事ガイドから内部リンク
437	部署別	障害福祉課	障害福祉課	向いている転職先	A	dept-shogai-tenshokusaki	障害福祉課から転職しやすい業界と職種	事務分掌規則／部署別 仕事ガイドから内部リンク
438	部署別	障害福祉課	障害福祉課	職務経歴書の書き方	A	dept-shogai-shokumu	障害福祉課の職務経歴書｜書き出しから実績の出し方まで	事務分掌規則／部署別 仕事ガイドから内部リンク
439	部署別	障害福祉課	障害福祉課	面接で聞かれること	A	dept-shogai-mensetsu	障害福祉課出身者が面接で必ず聞かれること	事務分掌規則／部署別 仕事ガイドから内部リンク
440	部署別	障害福祉課	障害福祉課	働き方と評価	A	dept-shogai-hatarakikata	障害福祉課から民間に移ると働き方と評価はどう変わるか	事務分掌規則／部署別 仕事ガイドから内部リンク
441	部署別	子育て支援課	子育て支援課	民間での言い換え	A	dept-kosodate-honyaku	子育て支援課の経験は民間で何と呼ばれるか	事務分掌規則／部署別 仕事ガイドから内部リンク
442	部署別	子育て支援課	子育て支援課	向いている転職先	A	dept-kosodate-tenshokusaki	子育て支援課から転職しやすい業界と職種	事務分掌規則／部署別 仕事ガイドから内部リンク
443	部署別	子育て支援課	子育て支援課	職務経歴書の書き方	A	dept-kosodate-shokumu	子育て支援課の職務経歴書｜書き出しから実績の出し方まで	事務分掌規則／部署別 仕事ガイドから内部リンク
444	部署別	子育て支援課	子育て支援課	面接で聞かれること	A	dept-kosodate-mensetsu	子育て支援課出身者が面接で必ず聞かれること	事務分掌規則／部署別 仕事ガイドから内部リンク
445	部署別	子育て支援課	子育て支援課	働き方と評価	A	dept-kosodate-hatarakikata	子育て支援課から民間に移ると働き方と評価はどう変わるか	事務分掌規則／部署別 仕事ガイドから内部リンク
446	部署別	保育課	保育課	民間での言い換え	A	dept-hoiku-honyaku	保育課の経験は民間で何と呼ばれるか	事務分掌規則／部署別 仕事ガイドから内部リンク
447	部署別	保育課	保育課	向いている転職先	A	dept-hoiku-tenshokusaki	保育課から転職しやすい業界と職種	事務分掌規則／部署別 仕事ガイドから内部リンク
448	部署別	保育課	保育課	職務経歴書の書き方	A	dept-hoiku-shokumu	保育課の職務経歴書｜書き出しから実績の出し方まで	事務分掌規則／部署別 仕事ガイドから内部リンク
449	部署別	保育課	保育課	面接で聞かれること	A	dept-hoiku-mensetsu	保育課出身者が面接で必ず聞かれること	事務分掌規則／部署別 仕事ガイドから内部リンク
450	部署別	保育課	保育課	働き方と評価	A	dept-hoiku-hatarakikata	保育課から民間に移ると働き方と評価はどう変わるか	事務分掌規則／部署別 仕事ガイドから内部リンク
451	部署別	教育委員会事務局	教育委員会事務局	民間での言い換え	A	dept-kyoiku-honyaku	教育委員会事務局の経験は民間で何と呼ばれるか	事務分掌規則／部署別 仕事ガイドから内部リンク
452	部署別	教育委員会事務局	教育委員会事務局	向いている転職先	A	dept-kyoiku-tenshokusaki	教育委員会事務局から転職しやすい業界と職種	事務分掌規則／部署別 仕事ガイドから内部リンク
453	部署別	教育委員会事務局	教育委員会事務局	職務経歴書の書き方	A	dept-kyoiku-shokumu	教育委員会事務局の職務経歴書｜書き出しから実績の出し方まで	事務分掌規則／部署別 仕事ガイドから内部リンク
454	部署別	教育委員会事務局	教育委員会事務局	面接で聞かれること	A	dept-kyoiku-mensetsu	教育委員会事務局出身者が面接で必ず聞かれること	事務分掌規則／部署別 仕事ガイドから内部リンク
455	部署別	教育委員会事務局	教育委員会事務局	働き方と評価	A	dept-kyoiku-hatarakikata	教育委員会事務局から民間に移ると働き方と評価はどう変わるか	事務分掌規則／部署別 仕事ガイドから内部リンク
456	部署別	学校事務	学校事務	民間での言い換え	A	dept-gakko-honyaku	学校事務の経験は民間で何と呼ばれるか	事務分掌規則／部署別 仕事ガイドから内部リンク
457	部署別	学校事務	学校事務	向いている転職先	A	dept-gakko-tenshokusaki	学校事務から転職しやすい業界と職種	事務分掌規則／部署別 仕事ガイドから内部リンク
458	部署別	学校事務	学校事務	職務経歴書の書き方	A	dept-gakko-shokumu	学校事務の職務経歴書｜書き出しから実績の出し方まで	事務分掌規則／部署別 仕事ガイドから内部リンク
459	部署別	学校事務	学校事務	面接で聞かれること	A	dept-gakko-mensetsu	学校事務出身者が面接で必ず聞かれること	事務分掌規則／部署別 仕事ガイドから内部リンク
460	部署別	学校事務	学校事務	働き方と評価	A	dept-gakko-hatarakikata	学校事務から民間に移ると働き方と評価はどう変わるか	事務分掌規則／部署別 仕事ガイドから内部リンク
461	部署別	生涯学習・社会教育課	生涯学習・社会教育課	民間での言い換え	A	dept-shogaigakushu-honyaku	生涯学習・社会教育課の経験は民間で何と呼ばれるか	事務分掌規則／部署別 仕事ガイドから内部リンク
462	部署別	生涯学習・社会教育課	生涯学習・社会教育課	向いている転職先	A	dept-shogaigakushu-tenshokusaki	生涯学習・社会教育課から転職しやすい業界と職種	事務分掌規則／部署別 仕事ガイドから内部リンク
463	部署別	生涯学習・社会教育課	生涯学習・社会教育課	職務経歴書の書き方	A	dept-shogaigakushu-shokumu	生涯学習・社会教育課の職務経歴書｜書き出しから実績の出し方まで	事務分掌規則／部署別 仕事ガイドから内部リンク
464	部署別	生涯学習・社会教育課	生涯学習・社会教育課	面接で聞かれること	A	dept-shogaigakushu-mensetsu	生涯学習・社会教育課出身者が面接で必ず聞かれること	事務分掌規則／部署別 仕事ガイドから内部リンク
465	部署別	生涯学習・社会教育課	生涯学習・社会教育課	働き方と評価	A	dept-shogaigakushu-hatarakikata	生涯学習・社会教育課から民間に移ると働き方と評価はどう変わるか	事務分掌規則／部署別 仕事ガイドから内部リンク
466	部署別	商工観光課	商工観光課	民間での言い換え	A	dept-shoko-honyaku	商工観光課の経験は民間で何と呼ばれるか	事務分掌規則／部署別 仕事ガイドから内部リンク
467	部署別	商工観光課	商工観光課	向いている転職先	A	dept-shoko-tenshokusaki	商工観光課から転職しやすい業界と職種	事務分掌規則／部署別 仕事ガイドから内部リンク
468	部署別	商工観光課	商工観光課	職務経歴書の書き方	A	dept-shoko-shokumu	商工観光課の職務経歴書｜書き出しから実績の出し方まで	事務分掌規則／部署別 仕事ガイドから内部リンク
469	部署別	商工観光課	商工観光課	面接で聞かれること	A	dept-shoko-mensetsu	商工観光課出身者が面接で必ず聞かれること	事務分掌規則／部署別 仕事ガイドから内部リンク
470	部署別	商工観光課	商工観光課	働き方と評価	A	dept-shoko-hatarakikata	商工観光課から民間に移ると働き方と評価はどう変わるか	事務分掌規則／部署別 仕事ガイドから内部リンク
471	部署別	産業振興課	産業振興課	民間での言い換え	A	dept-sangyo-honyaku	産業振興課の経験は民間で何と呼ばれるか	事務分掌規則／部署別 仕事ガイドから内部リンク
472	部署別	産業振興課	産業振興課	向いている転職先	A	dept-sangyo-tenshokusaki	産業振興課から転職しやすい業界と職種	事務分掌規則／部署別 仕事ガイドから内部リンク
473	部署別	産業振興課	産業振興課	職務経歴書の書き方	A	dept-sangyo-shokumu	産業振興課の職務経歴書｜書き出しから実績の出し方まで	事務分掌規則／部署別 仕事ガイドから内部リンク
474	部署別	産業振興課	産業振興課	面接で聞かれること	A	dept-sangyo-mensetsu	産業振興課出身者が面接で必ず聞かれること	事務分掌規則／部署別 仕事ガイドから内部リンク
475	部署別	産業振興課	産業振興課	働き方と評価	A	dept-sangyo-hatarakikata	産業振興課から民間に移ると働き方と評価はどう変わるか	事務分掌規則／部署別 仕事ガイドから内部リンク
476	部署別	農政課	農政課	民間での言い換え	A	dept-nosei-honyaku	農政課の経験は民間で何と呼ばれるか	事務分掌規則／部署別 仕事ガイドから内部リンク
477	部署別	農政課	農政課	向いている転職先	A	dept-nosei-tenshokusaki	農政課から転職しやすい業界と職種	事務分掌規則／部署別 仕事ガイドから内部リンク
478	部署別	農政課	農政課	職務経歴書の書き方	A	dept-nosei-shokumu	農政課の職務経歴書｜書き出しから実績の出し方まで	事務分掌規則／部署別 仕事ガイドから内部リンク
479	部署別	農政課	農政課	面接で聞かれること	A	dept-nosei-mensetsu	農政課出身者が面接で必ず聞かれること	事務分掌規則／部署別 仕事ガイドから内部リンク
480	部署別	農政課	農政課	働き方と評価	A	dept-nosei-hatarakikata	農政課から民間に移ると働き方と評価はどう変わるか	事務分掌規則／部署別 仕事ガイドから内部リンク
481	部署別	林務・水産課	林務・水産課	民間での言い換え	A	dept-rinmu-honyaku	林務・水産課の経験は民間で何と呼ばれるか	事務分掌規則／部署別 仕事ガイドから内部リンク
482	部署別	林務・水産課	林務・水産課	向いている転職先	A	dept-rinmu-tenshokusaki	林務・水産課から転職しやすい業界と職種	事務分掌規則／部署別 仕事ガイドから内部リンク
483	部署別	林務・水産課	林務・水産課	職務経歴書の書き方	A	dept-rinmu-shokumu	林務・水産課の職務経歴書｜書き出しから実績の出し方まで	事務分掌規則／部署別 仕事ガイドから内部リンク
484	部署別	林務・水産課	林務・水産課	面接で聞かれること	A	dept-rinmu-mensetsu	林務・水産課出身者が面接で必ず聞かれること	事務分掌規則／部署別 仕事ガイドから内部リンク
485	部署別	林務・水産課	林務・水産課	働き方と評価	A	dept-rinmu-hatarakikata	林務・水産課から民間に移ると働き方と評価はどう変わるか	事務分掌規則／部署別 仕事ガイドから内部リンク
486	部署別	環境課	環境課	民間での言い換え	A	dept-kankyo-honyaku	環境課の経験は民間で何と呼ばれるか	事務分掌規則／部署別 仕事ガイドから内部リンク
487	部署別	環境課	環境課	向いている転職先	A	dept-kankyo-tenshokusaki	環境課から転職しやすい業界と職種	事務分掌規則／部署別 仕事ガイドから内部リンク
488	部署別	環境課	環境課	職務経歴書の書き方	A	dept-kankyo-shokumu	環境課の職務経歴書｜書き出しから実績の出し方まで	事務分掌規則／部署別 仕事ガイドから内部リンク
489	部署別	環境課	環境課	面接で聞かれること	A	dept-kankyo-mensetsu	環境課出身者が面接で必ず聞かれること	事務分掌規則／部署別 仕事ガイドから内部リンク
490	部署別	環境課	環境課	働き方と評価	A	dept-kankyo-hatarakikata	環境課から民間に移ると働き方と評価はどう変わるか	事務分掌規則／部署別 仕事ガイドから内部リンク
491	部署別	廃棄物・清掃課	廃棄物・清掃課	民間での言い換え	A	dept-haiki-honyaku	廃棄物・清掃課の経験は民間で何と呼ばれるか	事務分掌規則／部署別 仕事ガイドから内部リンク
492	部署別	廃棄物・清掃課	廃棄物・清掃課	向いている転職先	A	dept-haiki-tenshokusaki	廃棄物・清掃課から転職しやすい業界と職種	事務分掌規則／部署別 仕事ガイドから内部リンク
493	部署別	廃棄物・清掃課	廃棄物・清掃課	職務経歴書の書き方	A	dept-haiki-shokumu	廃棄物・清掃課の職務経歴書｜書き出しから実績の出し方まで	事務分掌規則／部署別 仕事ガイドから内部リンク
494	部署別	廃棄物・清掃課	廃棄物・清掃課	面接で聞かれること	A	dept-haiki-mensetsu	廃棄物・清掃課出身者が面接で必ず聞かれること	事務分掌規則／部署別 仕事ガイドから内部リンク
495	部署別	廃棄物・清掃課	廃棄物・清掃課	働き方と評価	A	dept-haiki-hatarakikata	廃棄物・清掃課から民間に移ると働き方と評価はどう変わるか	事務分掌規則／部署別 仕事ガイドから内部リンク
496	部署別	都市計画課	都市計画課	民間での言い換え	A	dept-toshi-honyaku	都市計画課の経験は民間で何と呼ばれるか	事務分掌規則／部署別 仕事ガイドから内部リンク
497	部署別	都市計画課	都市計画課	向いている転職先	A	dept-toshi-tenshokusaki	都市計画課から転職しやすい業界と職種	事務分掌規則／部署別 仕事ガイドから内部リンク
498	部署別	都市計画課	都市計画課	職務経歴書の書き方	A	dept-toshi-shokumu	都市計画課の職務経歴書｜書き出しから実績の出し方まで	事務分掌規則／部署別 仕事ガイドから内部リンク
499	部署別	都市計画課	都市計画課	面接で聞かれること	A	dept-toshi-mensetsu	都市計画課出身者が面接で必ず聞かれること	事務分掌規則／部署別 仕事ガイドから内部リンク
500	部署別	都市計画課	都市計画課	働き方と評価	A	dept-toshi-hatarakikata	都市計画課から民間に移ると働き方と評価はどう変わるか	事務分掌規則／部署別 仕事ガイドから内部リンク
501	部署別	建築指導課	建築指導課	民間での言い換え	A	dept-kenchiku-honyaku	建築指導課の経験は民間で何と呼ばれるか	事務分掌規則／部署別 仕事ガイドから内部リンク
502	部署別	建築指導課	建築指導課	向いている転職先	A	dept-kenchiku-tenshokusaki	建築指導課から転職しやすい業界と職種	事務分掌規則／部署別 仕事ガイドから内部リンク
503	部署別	建築指導課	建築指導課	職務経歴書の書き方	A	dept-kenchiku-shokumu	建築指導課の職務経歴書｜書き出しから実績の出し方まで	事務分掌規則／部署別 仕事ガイドから内部リンク
504	部署別	建築指導課	建築指導課	面接で聞かれること	A	dept-kenchiku-mensetsu	建築指導課出身者が面接で必ず聞かれること	事務分掌規則／部署別 仕事ガイドから内部リンク
505	部署別	建築指導課	建築指導課	働き方と評価	A	dept-kenchiku-hatarakikata	建築指導課から民間に移ると働き方と評価はどう変わるか	事務分掌規則／部署別 仕事ガイドから内部リンク
506	部署別	用地課	用地課	民間での言い換え	A	dept-yochi-honyaku	用地課の経験は民間で何と呼ばれるか	事務分掌規則／部署別 仕事ガイドから内部リンク
507	部署別	用地課	用地課	向いている転職先	A	dept-yochi-tenshokusaki	用地課から転職しやすい業界と職種	事務分掌規則／部署別 仕事ガイドから内部リンク
508	部署別	用地課	用地課	職務経歴書の書き方	A	dept-yochi-shokumu	用地課の職務経歴書｜書き出しから実績の出し方まで	事務分掌規則／部署別 仕事ガイドから内部リンク
509	部署別	用地課	用地課	面接で聞かれること	A	dept-yochi-mensetsu	用地課出身者が面接で必ず聞かれること	事務分掌規則／部署別 仕事ガイドから内部リンク
510	部署別	用地課	用地課	働き方と評価	A	dept-yochi-hatarakikata	用地課から民間に移ると働き方と評価はどう変わるか	事務分掌規則／部署別 仕事ガイドから内部リンク
511	部署別	道路課	道路課	民間での言い換え	S	dept-doro-honyaku	道路課の経験は民間で何と呼ばれるか	事務分掌規則／部署別 仕事ガイドから内部リンク
512	部署別	道路課	道路課	向いている転職先	S	dept-doro-tenshokusaki	道路課から転職しやすい業界と職種	事務分掌規則／部署別 仕事ガイドから内部リンク
513	部署別	道路課	道路課	職務経歴書の書き方	S	dept-doro-shokumu	道路課の職務経歴書｜書き出しから実績の出し方まで	事務分掌規則／部署別 仕事ガイドから内部リンク
514	部署別	道路課	道路課	面接で聞かれること	S	dept-doro-mensetsu	道路課出身者が面接で必ず聞かれること	事務分掌規則／部署別 仕事ガイドから内部リンク
515	部署別	道路課	道路課	働き方と評価	S	dept-doro-hatarakikata	道路課から民間に移ると働き方と評価はどう変わるか	事務分掌規則／部署別 仕事ガイドから内部リンク
516	部署別	河川・砂防課	河川・砂防課	民間での言い換え	A	dept-kasen-honyaku	河川・砂防課の経験は民間で何と呼ばれるか	事務分掌規則／部署別 仕事ガイドから内部リンク
517	部署別	河川・砂防課	河川・砂防課	向いている転職先	A	dept-kasen-tenshokusaki	河川・砂防課から転職しやすい業界と職種	事務分掌規則／部署別 仕事ガイドから内部リンク
518	部署別	河川・砂防課	河川・砂防課	職務経歴書の書き方	A	dept-kasen-shokumu	河川・砂防課の職務経歴書｜書き出しから実績の出し方まで	事務分掌規則／部署別 仕事ガイドから内部リンク
519	部署別	河川・砂防課	河川・砂防課	面接で聞かれること	A	dept-kasen-mensetsu	河川・砂防課出身者が面接で必ず聞かれること	事務分掌規則／部署別 仕事ガイドから内部リンク
520	部署別	河川・砂防課	河川・砂防課	働き方と評価	A	dept-kasen-hatarakikata	河川・砂防課から民間に移ると働き方と評価はどう変わるか	事務分掌規則／部署別 仕事ガイドから内部リンク
521	部署別	公園緑地課	公園緑地課	民間での言い換え	A	dept-koen-honyaku	公園緑地課の経験は民間で何と呼ばれるか	事務分掌規則／部署別 仕事ガイドから内部リンク
522	部署別	公園緑地課	公園緑地課	向いている転職先	A	dept-koen-tenshokusaki	公園緑地課から転職しやすい業界と職種	事務分掌規則／部署別 仕事ガイドから内部リンク
523	部署別	公園緑地課	公園緑地課	職務経歴書の書き方	A	dept-koen-shokumu	公園緑地課の職務経歴書｜書き出しから実績の出し方まで	事務分掌規則／部署別 仕事ガイドから内部リンク
524	部署別	公園緑地課	公園緑地課	面接で聞かれること	A	dept-koen-mensetsu	公園緑地課出身者が面接で必ず聞かれること	事務分掌規則／部署別 仕事ガイドから内部リンク
525	部署別	公園緑地課	公園緑地課	働き方と評価	A	dept-koen-hatarakikata	公園緑地課から民間に移ると働き方と評価はどう変わるか	事務分掌規則／部署別 仕事ガイドから内部リンク
526	部署別	住宅課	住宅課	民間での言い換え	A	dept-jutaku-honyaku	住宅課の経験は民間で何と呼ばれるか	事務分掌規則／部署別 仕事ガイドから内部リンク
527	部署別	住宅課	住宅課	向いている転職先	A	dept-jutaku-tenshokusaki	住宅課から転職しやすい業界と職種	事務分掌規則／部署別 仕事ガイドから内部リンク
528	部署別	住宅課	住宅課	職務経歴書の書き方	A	dept-jutaku-shokumu	住宅課の職務経歴書｜書き出しから実績の出し方まで	事務分掌規則／部署別 仕事ガイドから内部リンク
529	部署別	住宅課	住宅課	面接で聞かれること	A	dept-jutaku-mensetsu	住宅課出身者が面接で必ず聞かれること	事務分掌規則／部署別 仕事ガイドから内部リンク
530	部署別	住宅課	住宅課	働き方と評価	A	dept-jutaku-hatarakikata	住宅課から民間に移ると働き方と評価はどう変わるか	事務分掌規則／部署別 仕事ガイドから内部リンク
531	部署別	水道局	水道局	民間での言い換え	A	dept-suido-honyaku	水道局の経験は民間で何と呼ばれるか	事務分掌規則／部署別 仕事ガイドから内部リンク
532	部署別	水道局	水道局	向いている転職先	A	dept-suido-tenshokusaki	水道局から転職しやすい業界と職種	事務分掌規則／部署別 仕事ガイドから内部リンク
533	部署別	水道局	水道局	職務経歴書の書き方	A	dept-suido-shokumu	水道局の職務経歴書｜書き出しから実績の出し方まで	事務分掌規則／部署別 仕事ガイドから内部リンク
534	部署別	水道局	水道局	面接で聞かれること	A	dept-suido-mensetsu	水道局出身者が面接で必ず聞かれること	事務分掌規則／部署別 仕事ガイドから内部リンク
535	部署別	水道局	水道局	働き方と評価	A	dept-suido-hatarakikata	水道局から民間に移ると働き方と評価はどう変わるか	事務分掌規則／部署別 仕事ガイドから内部リンク
536	部署別	下水道課	下水道課	民間での言い換え	A	dept-gesuido-honyaku	下水道課の経験は民間で何と呼ばれるか	事務分掌規則／部署別 仕事ガイドから内部リンク
537	部署別	下水道課	下水道課	向いている転職先	A	dept-gesuido-tenshokusaki	下水道課から転職しやすい業界と職種	事務分掌規則／部署別 仕事ガイドから内部リンク
538	部署別	下水道課	下水道課	職務経歴書の書き方	A	dept-gesuido-shokumu	下水道課の職務経歴書｜書き出しから実績の出し方まで	事務分掌規則／部署別 仕事ガイドから内部リンク
539	部署別	下水道課	下水道課	面接で聞かれること	A	dept-gesuido-mensetsu	下水道課出身者が面接で必ず聞かれること	事務分掌規則／部署別 仕事ガイドから内部リンク
540	部署別	下水道課	下水道課	働き方と評価	A	dept-gesuido-hatarakikata	下水道課から民間に移ると働き方と評価はどう変わるか	事務分掌規則／部署別 仕事ガイドから内部リンク
541	部署別	保健所・衛生課	保健所・衛生課	民間での言い換え	A	dept-hoken-honyaku	保健所・衛生課の経験は民間で何と呼ばれるか	事務分掌規則／部署別 仕事ガイドから内部リンク
542	部署別	保健所・衛生課	保健所・衛生課	向いている転職先	A	dept-hoken-tenshokusaki	保健所・衛生課から転職しやすい業界と職種	事務分掌規則／部署別 仕事ガイドから内部リンク
543	部署別	保健所・衛生課	保健所・衛生課	職務経歴書の書き方	A	dept-hoken-shokumu	保健所・衛生課の職務経歴書｜書き出しから実績の出し方まで	事務分掌規則／部署別 仕事ガイドから内部リンク
544	部署別	保健所・衛生課	保健所・衛生課	面接で聞かれること	A	dept-hoken-mensetsu	保健所・衛生課出身者が面接で必ず聞かれること	事務分掌規則／部署別 仕事ガイドから内部リンク
545	部署別	保健所・衛生課	保健所・衛生課	働き方と評価	A	dept-hoken-hatarakikata	保健所・衛生課から民間に移ると働き方と評価はどう変わるか	事務分掌規則／部署別 仕事ガイドから内部リンク
546	部署別	交通・公営企業	交通・公営企業	民間での言い換え	A	dept-kotsu-honyaku	交通・公営企業の経験は民間で何と呼ばれるか	事務分掌規則／部署別 仕事ガイドから内部リンク
547	部署別	交通・公営企業	交通・公営企業	向いている転職先	A	dept-kotsu-tenshokusaki	交通・公営企業から転職しやすい業界と職種	事務分掌規則／部署別 仕事ガイドから内部リンク
548	部署別	交通・公営企業	交通・公営企業	職務経歴書の書き方	A	dept-kotsu-shokumu	交通・公営企業の職務経歴書｜書き出しから実績の出し方まで	事務分掌規則／部署別 仕事ガイドから内部リンク
549	部署別	交通・公営企業	交通・公営企業	面接で聞かれること	A	dept-kotsu-mensetsu	交通・公営企業出身者が面接で必ず聞かれること	事務分掌規則／部署別 仕事ガイドから内部リンク
550	部署別	交通・公営企業	交通・公営企業	働き方と評価	A	dept-kotsu-hatarakikata	交通・公営企業から民間に移ると働き方と評価はどう変わるか	事務分掌規則／部署別 仕事ガイドから内部リンク
551	選考対策	職務経歴書	職務経歴書	公務員の職務経歴書｜民間で読まれる形にする基本	S	senko-shokumu-kihon	公務員の職務経歴書｜民間で読まれる形にする基本	当社の面談知見（rules/insight.md）
552	選考対策	職務経歴書	職務経歴書	職務経歴書の要約欄｜最初の5行で何を書くか	S	senko-shokumu-yoyaku	職務経歴書の要約欄｜最初の5行で何を書くか	当社の面談知見（rules/insight.md）
553	選考対策	職務経歴書	職務経歴書	自己PRの作り方｜公務員の実績を民間の言葉にする	S	senko-shokumu-jikopr	自己PRの作り方｜公務員の実績を民間の言葉にする	当社の面談知見（rules/insight.md）
554	選考対策	職務経歴書	職務経歴書	数字で書けない仕事を、数字で書く方法	S	senko-shokumu-suji	数字で書けない仕事を、数字で書く方法	当社の面談知見（rules/insight.md）
555	選考対策	職務経歴書	職務経歴書	異動が多い公務員の職務経歴書の並べ方	S	senko-shokumu-ido	異動が多い公務員の職務経歴書の並べ方	当社の面談知見（rules/insight.md）
556	選考対策	職務経歴書	職務経歴書	同じ部署が長い場合の職務経歴書	S	senko-shokumu-onajibusho	同じ部署が長い場合の職務経歴書	当社の面談知見（rules/insight.md）
557	選考対策	職務経歴書	職務経歴書	係長・課長補佐の経験をマネジメント経験として書く	S	senko-shokumu-kakaricho	係長・課長補佐の経験をマネジメント経験として書く	当社の面談知見（rules/insight.md）
558	選考対策	職務経歴書	職務経歴書	管理職経験の書き方｜部下の人数と権限の示し方	S	senko-shokumu-kanrishoku	管理職経験の書き方｜部下の人数と権限の示し方	当社の面談知見（rules/insight.md）
559	選考対策	職務経歴書	職務経歴書	採用1〜3年目の経験をどう書くか	S	senko-shokumu-shinnyu	採用1〜3年目の経験をどう書くか	当社の面談知見（rules/insight.md）
560	選考対策	職務経歴書	職務経歴書	資格・免許の書き方と、書かないほうがよいもの	S	senko-shokumu-shikaku	資格・免許の書き方と、書かないほうがよいもの	当社の面談知見（rules/insight.md）
561	選考対策	職務経歴書	職務経歴書	公務員用語の言い換え一覧｜そのまま使えない言葉	S	senko-shokumu-yogo	公務員用語の言い換え一覧｜そのまま使えない言葉	当社の面談知見（rules/insight.md）
562	選考対策	職務経歴書	職務経歴書	条例・規則の改正経験の書き方	S	senko-shokumu-jorei	条例・規則の改正経験の書き方	当社の面談知見（rules/insight.md）
563	選考対策	職務経歴書	職務経歴書	議会答弁の経験を評価される形にする	S	senko-shokumu-gikai	議会答弁の経験を評価される形にする	当社の面談知見（rules/insight.md）
564	選考対策	職務経歴書	職務経歴書	予算編成・査定の経験の書き方	S	senko-shokumu-yosan	予算編成・査定の経験の書き方	当社の面談知見（rules/insight.md）
565	選考対策	職務経歴書	職務経歴書	調達・入札の経験の書き方	S	senko-shokumu-chotatsu	調達・入札の経験の書き方	当社の面談知見（rules/insight.md）
566	選考対策	職務経歴書	職務経歴書	住民対応の経験を、顧客対応として書く	S	senko-shokumu-jumin	住民対応の経験を、顧客対応として書く	当社の面談知見（rules/insight.md）
567	選考対策	職務経歴書	職務経歴書	全庁横断プロジェクトの経験の書き方	S	senko-shokumu-project	全庁横断プロジェクトの経験の書き方	当社の面談知見（rules/insight.md）
568	選考対策	職務経歴書	職務経歴書	システム導入の経験の書き方	S	senko-shokumu-system	システム導入の経験の書き方	当社の面談知見（rules/insight.md）
569	選考対策	職務経歴書	職務経歴書	補助金・交付金の獲得経験の書き方	S	senko-shokumu-hojokin	補助金・交付金の獲得経験の書き方	当社の面談知見（rules/insight.md）
570	選考対策	職務経歴書	職務経歴書	計画策定の経験の書き方	S	senko-shokumu-keikaku	計画策定の経験の書き方	当社の面談知見（rules/insight.md）
571	選考対策	職務経歴書	職務経歴書	うまくいかなかった仕事を書くべきか	S	senko-shokumu-shippai	うまくいかなかった仕事を書くべきか	当社の面談知見（rules/insight.md）
572	選考対策	職務経歴書	職務経歴書	職務経歴書は何枚が適切か	S	senko-shokumu-bunryo	職務経歴書は何枚が適切か	当社の面談知見（rules/insight.md）
573	選考対策	職務経歴書	職務経歴書	フォーマットの選び方｜編年式と逆編年式	S	senko-shokumu-format	フォーマットの選び方｜編年式と逆編年式	当社の面談知見（rules/insight.md）
574	選考対策	職務経歴書	職務経歴書	職務経歴書と履歴書の書き分け	S	senko-shokumu-rirekisho	職務経歴書と履歴書の書き分け	当社の面談知見（rules/insight.md）
575	選考対策	職務経歴書	職務経歴書	志望動機欄と職務経歴書の役割分担	S	senko-shokumu-shibolan	志望動機欄と職務経歴書の役割分担	当社の面談知見（rules/insight.md）
576	選考対策	職務経歴書	職務経歴書	転職理由を職務経歴書に書くか	S	senko-shokumu-tenshokuriyu	転職理由を職務経歴書に書くか	当社の面談知見（rules/insight.md）
577	選考対策	職務経歴書	職務経歴書	技術職の実績一覧・ポートフォリオの作り方	S	senko-shokumu-portfolio	技術職の実績一覧・ポートフォリオの作り方	当社の面談知見（rules/insight.md）
578	選考対策	職務経歴書	職務経歴書	オンライン提出時の体裁とファイル名	S	senko-shokumu-online	オンライン提出時の体裁とファイル名	当社の面談知見（rules/insight.md）
579	選考対策	職務経歴書	職務経歴書	職務経歴書を自分で見直すチェックリスト	S	senko-shokumu-checklist	職務経歴書を自分で見直すチェックリスト	当社の面談知見（rules/insight.md）
580	選考対策	職務経歴書	職務経歴書	落ちる職務経歴書に共通する書き方	S	senko-shokumu-ng	落ちる職務経歴書に共通する書き方	当社の面談知見（rules/insight.md）
581	選考対策	志望動機	志望動機	公務員からの転職で志望動機をどう組み立てるか	A	senko-shibo-kihon	公務員からの転職で志望動機をどう組み立てるか	当社の面談知見（rules/insight.md）
582	選考対策	志望動機	志望動機	「なぜ民間なのか」への答え方	A	senko-shibo-nazeminkan	「なぜ民間なのか」への答え方	当社の面談知見（rules/insight.md）
583	選考対策	志望動機	志望動機	「なぜ辞めるのか」を無理に前向きへ変換しない	A	senko-shibo-nazeyameru	「なぜ辞めるのか」を無理に前向きへ変換しない	当社の面談知見（rules/insight.md）
584	選考対策	志望動機	志望動機	業界の選び方と、志望動機への落とし方	A	senko-shibo-gyokaierabi	業界の選び方と、志望動機への落とし方	当社の面談知見（rules/insight.md）
585	選考対策	志望動機	志望動機	応募先を絞る基準｜志望動機が書ける会社か	A	senko-shibo-kaishaerabi	応募先を絞る基準｜志望動機が書ける会社か	当社の面談知見（rules/insight.md）
586	選考対策	志望動機	志望動機	前職の業務と応募先の接点の見つけ方	A	senko-shibo-tsunagari	前職の業務と応募先の接点の見つけ方	当社の面談知見（rules/insight.md）
587	選考対策	志望動機	志望動機	年収を志望動機に書いてよいか	A	senko-shibo-nenshu	年収を志望動機に書いてよいか	当社の面談知見（rules/insight.md）
588	選考対策	志望動機	志望動機	地元で働き続けたいという動機の扱い方	A	senko-shibo-chiiki	地元で働き続けたいという動機の扱い方	当社の面談知見（rules/insight.md）
589	選考対策	志望動機	志望動機	社会貢献を前面に出すと弱くなる理由	A	senko-shibo-koken	社会貢献を前面に出すと弱くなる理由	当社の面談知見（rules/insight.md）
590	選考対策	志望動機	志望動機	安定志向をどう説明するか	A	senko-shibo-antei	安定志向をどう説明するか	当社の面談知見（rules/insight.md）
591	選考対策	志望動機	志望動機	自治体向け事業の会社への志望動機	A	senko-shibo-govmuke	自治体向け事業の会社への志望動機	当社の面談知見（rules/insight.md）
592	選考対策	志望動機	志望動機	行政と関係ない業界への志望動機	A	senko-shibo-mukankei	行政と関係ない業界への志望動機	当社の面談知見（rules/insight.md）
593	選考対策	志望動機	志望動機	複数社に出すときの作り分け	A	senko-shibo-fukusu	複数社に出すときの作り分け	当社の面談知見（rules/insight.md）
594	選考対策	志望動機	志望動機	志望動機の提出前チェック	A	senko-shibo-check	志望動機の提出前チェック	当社の面談知見（rules/insight.md）
595	選考対策	志望動機	志望動機	通らない志望動機の典型	A	senko-shibo-ng	通らない志望動機の典型	当社の面談知見（rules/insight.md）
596	選考対策	面接	面接	公務員からの転職面接｜全体の流れと準備	S	senko-mensetsu-nagare	公務員からの転職面接｜全体の流れと準備	当社の面談知見（rules/insight.md）
597	選考対策	面接	面接	自己紹介は何分で何を話すか	S	senko-mensetsu-jikoshokai	自己紹介は何分で何を話すか	当社の面談知見（rules/insight.md）
598	選考対策	面接	面接	面接で「なぜ民間へ」と聞かれたとき	S	senko-mensetsu-nazeminkan	面接で「なぜ民間へ」と聞かれたとき	当社の面談知見（rules/insight.md）
599	選考対策	面接	面接	退職理由の答え方	S	senko-mensetsu-taishokuriyu	退職理由の答え方	当社の面談知見（rules/insight.md）
600	選考対策	面接	面接	「利益を意識したことはあるか」への答え方	S	senko-mensetsu-rieki	「利益を意識したことはあるか」への答え方	当社の面談知見（rules/insight.md）
601	選考対策	面接	面接	「スピード感についていけるか」への答え方	S	senko-mensetsu-speed	「スピード感についていけるか」への答え方	当社の面談知見（rules/insight.md）
602	選考対策	面接	面接	「営業はできるか」への答え方	S	senko-mensetsu-eigyo	「営業はできるか」への答え方	当社の面談知見（rules/insight.md）
603	選考対策	面接	面接	「年収が下がっても大丈夫か」への答え方	S	senko-mensetsu-nenshudown	「年収が下がっても大丈夫か」への答え方	当社の面談知見（rules/insight.md）
604	選考対策	面接	面接	残業と働き方について聞かれたとき	S	senko-mensetsu-zangyo	残業と働き方について聞かれたとき	当社の面談知見（rules/insight.md）
605	選考対策	面接	面接	転勤の可否を聞かれたとき	S	senko-mensetsu-tenkin	転勤の可否を聞かれたとき	当社の面談知見（rules/insight.md）
606	選考対策	面接	面接	PCスキル・ITリテラシーを問われたとき	S	senko-mensetsu-pc	PCスキル・ITリテラシーを問われたとき	当社の面談知見（rules/insight.md）
607	選考対策	面接	面接	ストレス耐性の質問への答え方	S	senko-mensetsu-stress	ストレス耐性の質問への答え方	当社の面談知見（rules/insight.md）
608	選考対策	面接	面接	目標未達の経験を聞かれたとき	S	senko-mensetsu-mokuhyo	目標未達の経験を聞かれたとき	当社の面談知見（rules/insight.md）
609	選考対策	面接	面接	チームで成果を出した経験の話し方	S	senko-mensetsu-team	チームで成果を出した経験の話し方	当社の面談知見（rules/insight.md）
610	選考対策	面接	面接	対立を調整した経験の話し方	S	senko-mensetsu-tairitsu	対立を調整した経験の話し方	当社の面談知見（rules/insight.md）
611	選考対策	面接	面接	失敗経験の話し方	S	senko-mensetsu-shippai	失敗経験の話し方	当社の面談知見（rules/insight.md）
612	選考対策	面接	面接	業務改善の経験の話し方	S	senko-mensetsu-kaizen	業務改善の経験の話し方	当社の面談知見（rules/insight.md）
613	選考対策	面接	面接	学習意欲をどう示すか	S	senko-mensetsu-manabi	学習意欲をどう示すか	当社の面談知見（rules/insight.md）
614	選考対策	面接	面接	5年後10年後のキャリアを聞かれたとき	S	senko-mensetsu-5nen	5年後10年後のキャリアを聞かれたとき	当社の面談知見（rules/insight.md）
615	選考対策	面接	面接	逆質問で何を聞くか	S	senko-mensetsu-gyakushitsumon	逆質問で何を聞くか	当社の面談知見（rules/insight.md）
616	選考対策	面接	面接	一次面接で見られていること	S	senko-mensetsu-1ji	一次面接で見られていること	当社の面談知見（rules/insight.md）
617	選考対策	面接	面接	二次面接で見られていること	S	senko-mensetsu-2ji	二次面接で見られていること	当社の面談知見（rules/insight.md）
618	選考対策	面接	面接	最終面接で見られていること	S	senko-mensetsu-saishu	最終面接で見られていること	当社の面談知見（rules/insight.md）
619	選考対策	面接	面接	Web面接の準備と注意点	S	senko-mensetsu-web	Web面接の準備と注意点	当社の面談知見（rules/insight.md）
620	選考対策	面接	面接	グループ面接・集団面接の進み方	S	senko-mensetsu-group	グループ面接・集団面接の進み方	当社の面談知見（rules/insight.md）
621	選考対策	面接	面接	ケース面接が出る業界と対策	S	senko-mensetsu-case	ケース面接が出る業界と対策	当社の面談知見（rules/insight.md）
622	選考対策	面接	面接	適性検査（SPI・玉手箱）の準備	S	senko-mensetsu-tekisei	適性検査（SPI・玉手箱）の準備	当社の面談知見（rules/insight.md）
623	選考対策	面接	面接	書類選考で落ちるときに見直す点	S	senko-mensetsu-shorui	書類選考で落ちるときに見直す点	当社の面談知見（rules/insight.md）
624	選考対策	面接	面接	リファレンスチェックは公務員でも行われるか	S	senko-mensetsu-reference	リファレンスチェックは公務員でも行われるか	当社の面談知見（rules/insight.md）
625	選考対策	面接	面接	服装と身だしなみ	S	senko-mensetsu-fukuso	服装と身だしなみ	当社の面談知見（rules/insight.md）
626	選考対策	面接	面接	平日日中の面接をどう調整するか	S	senko-mensetsu-jikan	平日日中の面接をどう調整するか	当社の面談知見（rules/insight.md）
627	選考対策	面接	面接	連絡手段と、職場に知られないための注意	S	senko-mensetsu-renraku	連絡手段と、職場に知られないための注意	当社の面談知見（rules/insight.md）
628	選考対策	面接	面接	面接後に残しておくべき記録	S	senko-mensetsu-memo	面接後に残しておくべき記録	当社の面談知見（rules/insight.md）
629	選考対策	面接	面接	不採用が続いたときの見直し方	S	senko-mensetsu-furyo	不採用が続いたときの見直し方	当社の面談知見（rules/insight.md）
630	選考対策	面接	面接	複数内定が出たときの選び方	S	senko-mensetsu-fukusunaitei	複数内定が出たときの選び方	当社の面談知見（rules/insight.md）
631	選考対策	面接	面接	オファー面談で確認すべきこと	S	senko-mensetsu-offer	オファー面談で確認すべきこと	当社の面談知見（rules/insight.md）
632	選考対策	面接	面接	条件交渉はどこまでできるか	S	senko-mensetsu-joken	条件交渉はどこまでできるか	当社の面談知見（rules/insight.md）
633	選考対策	面接	面接	入社日の決め方	S	senko-mensetsu-nyushabi	入社日の決め方	当社の面談知見（rules/insight.md）
634	選考対策	面接	面接	内定辞退の伝え方	S	senko-mensetsu-jitai	内定辞退の伝え方	当社の面談知見（rules/insight.md）
635	選考対策	面接	面接	内定から入社までにやること	S	senko-mensetsu-junbi	内定から入社までにやること	当社の面談知見（rules/insight.md）
636	選考対策	退職と在職中の進め方	退職と在職中の進め方	退職時期の決め方｜年度末と年度途中	A	senko-taishoku-jiki	退職時期の決め方｜年度末と年度途中	当社の面談知見（rules/insight.md）
637	選考対策	退職と在職中の進め方	退職と在職中の進め方	退職願・退職届の書き方と出す相手	A	senko-taishoku-negai	退職願・退職届の書き方と出す相手	当社の面談知見（rules/insight.md）
638	選考対策	退職と在職中の進め方	退職と在職中の進め方	退職を切り出すタイミングと相手	A	senko-taishoku-kirisashi	退職を切り出すタイミングと相手	当社の面談知見（rules/insight.md）
639	選考対策	退職と在職中の進め方	退職と在職中の進め方	引き止められたときの対応	A	senko-taishoku-hikitome	引き止められたときの対応	当社の面談知見（rules/insight.md）
640	選考対策	退職と在職中の進め方	退職と在職中の進め方	引継ぎの進め方	A	senko-taishoku-hikitsugi	引継ぎの進め方	当社の面談知見（rules/insight.md）
641	選考対策	退職と在職中の進め方	退職と在職中の進め方	有給休暇の消化	A	senko-taishoku-yukyu	有給休暇の消化	当社の面談知見（rules/insight.md）
642	選考対策	退職と在職中の進め方	退職と在職中の進め方	在職中の転職活動で守るべきこと	A	senko-taishoku-himitsu	在職中の転職活動で守るべきこと	当社の面談知見（rules/insight.md）
643	選考対策	退職と在職中の進め方	退職と在職中の進め方	同僚・上司にいつ伝えるか	A	senko-taishoku-doryo	同僚・上司にいつ伝えるか	当社の面談知見（rules/insight.md）
644	選考対策	退職と在職中の進め方	退職と在職中の進め方	在職中と退職後、どちらで探すべきか	A	senko-taishoku-zaishokuchu	在職中と退職後、どちらで探すべきか	当社の面談知見（rules/insight.md）
645	選考対策	退職と在職中の進め方	退職と在職中の進め方	転職活動にかかる期間の目安	A	senko-taishoku-kikan	転職活動にかかる期間の目安	当社の面談知見（rules/insight.md）
646	選考対策	退職と在職中の進め方	退職と在職中の進め方	離職期間ができたときの説明	A	senko-taishoku-blank	離職期間ができたときの説明	当社の面談知見（rules/insight.md）
647	選考対策	退職と在職中の進め方	退職と在職中の進め方	退職時の手続き一覧	A	senko-taishoku-tetsuzuki	退職時の手続き一覧	当社の面談知見（rules/insight.md）
648	選考対策	退職と在職中の進め方	退職と在職中の進め方	貸与物・共済関係の返却と手続き	A	senko-taishoku-henkyaku	貸与物・共済関係の返却と手続き	当社の面談知見（rules/insight.md）
649	選考対策	退職と在職中の進め方	退職と在職中の進め方	退職後の住民税の納め方	A	senko-taishoku-juminzei	退職後の住民税の納め方	当社の面談知見（rules/insight.md）
650	選考対策	退職と在職中の進め方	退職と在職中の進め方	退職後の健康保険の選択肢	A	senko-taishoku-kenkohoken	退職後の健康保険の選択肢	当社の面談知見（rules/insight.md）
651	選考対策	退職と在職中の進め方	退職と在職中の進め方	退職後の年金の手続き	A	senko-taishoku-nenkin	退職後の年金の手続き	当社の面談知見（rules/insight.md）
652	選考対策	退職と在職中の進め方	退職と在職中の進め方	退職した年の確定申告	A	senko-taishoku-kakuteishinkoku	退職した年の確定申告	当社の面談知見（rules/insight.md）
653	選考対策	退職と在職中の進め方	退職と在職中の進め方	公務員に失業給付が出ない理由と、代わりの備え	A	senko-taishoku-shitsugyo	公務員に失業給付が出ない理由と、代わりの備え	当社の面談知見（rules/insight.md）
654	選考対策	退職と在職中の進め方	退職と在職中の進め方	退職手当はいつ振り込まれるか	A	senko-taishoku-shikyubi	退職手当はいつ振り込まれるか	当社の面談知見（rules/insight.md）
655	選考対策	退職と在職中の進め方	退職と在職中の進め方	住宅ローンがある状態での転職	A	senko-taishoku-loan	住宅ローンがある状態での転職	当社の面談知見（rules/insight.md）
656	選考対策	退職と在職中の進め方	退職と在職中の進め方	家族への伝え方と、反対されたときの整理	A	senko-taishoku-kazoku	家族への伝え方と、反対されたときの整理	当社の面談知見（rules/insight.md）
657	選考対策	退職と在職中の進め方	退職と在職中の進め方	育休中・産休中の転職	A	senko-taishoku-ikukyu	育休中・産休中の転職	当社の面談知見（rules/insight.md）
658	選考対策	退職と在職中の進め方	退職と在職中の進め方	休職中の転職	A	senko-taishoku-kyushoku	休職中の転職	当社の面談知見（rules/insight.md）
659	選考対策	退職と在職中の進め方	退職と在職中の進め方	介護と両立しながらの転職	A	senko-taishoku-kaigo	介護と両立しながらの転職	当社の面談知見（rules/insight.md）
660	選考対策	退職と在職中の進め方	退職と在職中の進め方	転職にともなう転居と単身赴任	A	senko-taishoku-tenkyo	転職にともなう転居と単身赴任	当社の面談知見（rules/insight.md）
661	選考対策	求人の探し方	求人の探し方	公務員経験が活きる求人の探し方	A	senko-sagasu-kyujin	公務員経験が活きる求人の探し方	当社の面談知見（rules/insight.md）
662	選考対策	求人の探し方	求人の探し方	求人票の読み方｜どこを見れば実態が分かるか	A	senko-sagasu-kyujinhyo	求人票の読み方｜どこを見れば実態が分かるか	当社の面談知見（rules/insight.md）
663	選考対策	求人の探し方	求人の探し方	非公開求人とは何か	A	senko-sagasu-hikoukai	非公開求人とは何か	当社の面談知見（rules/insight.md）
664	選考対策	求人の探し方	求人の探し方	転職エージェントの使い方	A	senko-sagasu-agent	転職エージェントの使い方	当社の面談知見（rules/insight.md）
665	選考対策	求人の探し方	求人の探し方	エージェントの選び方と、合わないときの切り替え	A	senko-sagasu-agenterabi	エージェントの選び方と、合わないときの切り替え	当社の面談知見（rules/insight.md）
666	選考対策	求人の探し方	求人の探し方	直接応募とエージェント経由の違い	A	senko-sagasu-direct	直接応募とエージェント経由の違い	当社の面談知見（rules/insight.md）
667	選考対策	求人の探し方	求人の探し方	スカウトが届いたときの見極め方	A	senko-sagasu-scout	スカウトが届いたときの見極め方	当社の面談知見（rules/insight.md）
668	選考対策	求人の探し方	求人の探し方	何社くらい受けるべきか	A	senko-sagasu-fukusu	何社くらい受けるべきか	当社の面談知見（rules/insight.md）
669	選考対策	求人の探し方	求人の探し方	選考スケジュールの組み方	A	senko-sagasu-schedule	選考スケジュールの組み方	当社の面談知見（rules/insight.md）
670	選考対策	求人の探し方	求人の探し方	応募前の企業調査で見るべき資料	A	senko-sagasu-kigyochosa	応募前の企業調査で見るべき資料	当社の面談知見（rules/insight.md）
671	選考対策	求人の探し方	求人の探し方	有価証券報告書の読み方｜転職者が見るべき箇所	A	senko-sagasu-yuho	有価証券報告書の読み方｜転職者が見るべき箇所	当社の面談知見（rules/insight.md）
672	選考対策	求人の探し方	求人の探し方	口コミサイトとの付き合い方	A	senko-sagasu-kuchikomi	口コミサイトとの付き合い方	当社の面談知見（rules/insight.md）
673	選考対策	求人の探し方	求人の探し方	転職サイトとエージェントの使い分け	A	senko-sagasu-site	転職サイトとエージェントの使い分け	当社の面談知見（rules/insight.md）
674	選考対策	求人の探し方	求人の探し方	Uターン・地元での転職の進め方	A	senko-sagasu-uturn	Uターン・地元での転職の進め方	当社の面談知見（rules/insight.md）
675	選考対策	求人の探し方	求人の探し方	リモートワーク可の求人の探し方	A	senko-sagasu-remote	リモートワーク可の求人の探し方	当社の面談知見（rules/insight.md）
676	選考対策	立場・年代別	立場・年代別	20代の公務員が転職するとき	A	senko-tachiba-20dai	20代の公務員が転職するとき	当社の面談知見（rules/insight.md）
677	選考対策	立場・年代別	立場・年代別	30代の公務員が転職するとき	A	senko-tachiba-30dai	30代の公務員が転職するとき	当社の面談知見（rules/insight.md）
678	選考対策	立場・年代別	立場・年代別	40代の公務員が転職するとき	A	senko-tachiba-40dai	40代の公務員が転職するとき	当社の面談知見（rules/insight.md）
679	選考対策	立場・年代別	立場・年代別	50代の公務員が転職するとき	A	senko-tachiba-50dai	50代の公務員が転職するとき	当社の面談知見（rules/insight.md）
680	選考対策	立場・年代別	立場・年代別	採用1年目で辞めたくなったとき	A	senko-tachiba-1nenme	採用1年目で辞めたくなったとき	当社の面談知見（rules/insight.md）
681	選考対策	立場・年代別	立場・年代別	3年目の転職は早すぎるか	A	senko-tachiba-3nenme	3年目の転職は早すぎるか	当社の面談知見（rules/insight.md）
682	選考対策	立場・年代別	立場・年代別	係長級からの転職	A	senko-tachiba-kakaricho	係長級からの転職	当社の面談知見（rules/insight.md）
683	選考対策	立場・年代別	立場・年代別	管理職からの転職	A	senko-tachiba-kanri	管理職からの転職	当社の面談知見（rules/insight.md）
684	選考対策	立場・年代別	立場・年代別	技術職の転職｜事務職と何が違うか	A	senko-tachiba-gijutsu	技術職の転職｜事務職と何が違うか	当社の面談知見（rules/insight.md）
685	選考対策	立場・年代別	立場・年代別	職種を変える転職と、変えない転職	A	senko-tachiba-shokushutenkan	職種を変える転職と、変えない転職	当社の面談知見（rules/insight.md）
686	選考対策	立場・年代別	立場・年代別	国家公務員から民間へ	A	senko-tachiba-kokka	国家公務員から民間へ	当社の面談知見（rules/insight.md）
687	選考対策	立場・年代別	立場・年代別	都道府県職員から民間へ	A	senko-tachiba-todofuken	都道府県職員から民間へ	当社の面談知見（rules/insight.md）
688	選考対策	立場・年代別	立場・年代別	市区町村職員から民間へ	A	senko-tachiba-shichoson	市区町村職員から民間へ	当社の面談知見（rules/insight.md）
689	選考対策	立場・年代別	立場・年代別	出先機関・出資団体からの転職	A	senko-tachiba-shussaki	出先機関・出資団体からの転職	当社の面談知見（rules/insight.md）
690	選考対策	立場・年代別	立場・年代別	教員から民間へ	A	senko-tachiba-kyoin	教員から民間へ	当社の面談知見（rules/insight.md）
691	選考対策	立場・年代別	立場・年代別	警察官から民間へ	A	senko-tachiba-keisatsu	警察官から民間へ	当社の面談知見（rules/insight.md）
692	選考対策	立場・年代別	立場・年代別	消防士から民間へ	A	senko-tachiba-shobo	消防士から民間へ	当社の面談知見（rules/insight.md）
693	選考対策	立場・年代別	立場・年代別	自衛官から民間へ	A	senko-tachiba-jieikan	自衛官から民間へ	当社の面談知見（rules/insight.md）
694	選考対策	立場・年代別	立場・年代別	公立保育士から民間へ	A	senko-tachiba-hoikushi	公立保育士から民間へ	当社の面談知見（rules/insight.md）
695	選考対策	立場・年代別	立場・年代別	保健師・看護師から民間へ	A	senko-tachiba-hokenshi	保健師・看護師から民間へ	当社の面談知見（rules/insight.md）
696	選考対策	立場・年代別	立場・年代別	会計年度任用職員から正社員へ	A	senko-tachiba-kaikeinendo	会計年度任用職員から正社員へ	当社の面談知見（rules/insight.md）
697	選考対策	立場・年代別	立場・年代別	任期付職員の任期満了後の進路	A	senko-tachiba-ninkitsuki	任期付職員の任期満了後の進路	当社の面談知見（rules/insight.md）
698	選考対策	立場・年代別	立場・年代別	女性職員の転職｜ライフイベントとの兼ね合い	A	senko-tachiba-josei	女性職員の転職｜ライフイベントとの兼ね合い	当社の面談知見（rules/insight.md）
699	選考対策	立場・年代別	立場・年代別	配偶者も公務員の場合の考え方	A	senko-tachiba-haigusha	配偶者も公務員の場合の考え方	当社の面談知見（rules/insight.md）
700	選考対策	立場・年代別	立場・年代別	民間に出たあと、公務員に戻れるか	A	senko-tachiba-modoru	民間に出たあと、公務員に戻れるか	当社の面談知見（rules/insight.md）
701	業界研究	自治体向けSaaS・GovTech	自治体向けSaaS・GovTech	公務員経験の評価	A	industry-govtech-hyoka	自治体向けSaaS・GovTechは公務員のどの経験を評価するか	有価証券報告書／業界団体の公表資料
702	業界研究	自治体向けSaaS・GovTech	自治体向けSaaS・GovTech	選考フロー	A	industry-govtech-senko	自治体向けSaaS・GovTechの選考フローと、面接で見られている観点	有価証券報告書／業界団体の公表資料
703	業界研究	自治体向けSaaS・GovTech	自治体向けSaaS・GovTech	志望動機	A	industry-govtech-shiboudoki	自治体向けSaaS・GovTechの志望動機｜公務員からの転職でどう組み立てるか	有価証券報告書／業界団体の公表資料
704	業界研究	自治体向けSaaS・GovTech	自治体向けSaaS・GovTech	年収と働き方	A	industry-govtech-nenshu	自治体向けSaaS・GovTechの年収と働き方｜公務員から移るとどう変わるか	有価証券報告書／業界団体の公表資料
705	業界研究	自治体向けSaaS・GovTech	自治体向けSaaS・GovTech	未経験から	A	industry-govtech-mikeiken	未経験から自治体向けSaaS・GovTechに入るには｜公務員経験の使い方	有価証券報告書／業界団体の公表資料
706	業界研究	建設コンサルタント	建設コンサルタント	公務員経験の評価	A	industry-kensetsuconsul-hyoka	建設コンサルタントは公務員のどの経験を評価するか	有価証券報告書／業界団体の公表資料
707	業界研究	建設コンサルタント	建設コンサルタント	選考フロー	A	industry-kensetsuconsul-senko	建設コンサルタントの選考フローと、面接で見られている観点	有価証券報告書／業界団体の公表資料
708	業界研究	建設コンサルタント	建設コンサルタント	志望動機	A	industry-kensetsuconsul-shiboudoki	建設コンサルタントの志望動機｜公務員からの転職でどう組み立てるか	有価証券報告書／業界団体の公表資料
709	業界研究	建設コンサルタント	建設コンサルタント	年収と働き方	A	industry-kensetsuconsul-nenshu	建設コンサルタントの年収と働き方｜公務員から移るとどう変わるか	有価証券報告書／業界団体の公表資料
710	業界研究	建設コンサルタント	建設コンサルタント	未経験から	A	industry-kensetsuconsul-mikeiken	未経験から建設コンサルタントに入るには｜公務員経験の使い方	有価証券報告書／業界団体の公表資料
711	業界研究	シンクタンク・調査研究	シンクタンク・調査研究	公務員経験の評価	A	industry-thinktank-hyoka	シンクタンク・調査研究は公務員のどの経験を評価するか	有価証券報告書／業界団体の公表資料
712	業界研究	シンクタンク・調査研究	シンクタンク・調査研究	選考フロー	A	industry-thinktank-senko	シンクタンク・調査研究の選考フローと、面接で見られている観点	有価証券報告書／業界団体の公表資料
713	業界研究	シンクタンク・調査研究	シンクタンク・調査研究	志望動機	A	industry-thinktank-shiboudoki	シンクタンク・調査研究の志望動機｜公務員からの転職でどう組み立てるか	有価証券報告書／業界団体の公表資料
714	業界研究	シンクタンク・調査研究	シンクタンク・調査研究	年収と働き方	A	industry-thinktank-nenshu	シンクタンク・調査研究の年収と働き方｜公務員から移るとどう変わるか	有価証券報告書／業界団体の公表資料
715	業界研究	シンクタンク・調査研究	シンクタンク・調査研究	未経験から	A	industry-thinktank-mikeiken	未経験からシンクタンク・調査研究に入るには｜公務員経験の使い方	有価証券報告書／業界団体の公表資料
716	業界研究	SIer・システム開発	SIer・システム開発	公務員経験の評価	A	industry-sier-hyoka	SIer・システム開発は公務員のどの経験を評価するか	有価証券報告書／業界団体の公表資料
717	業界研究	SIer・システム開発	SIer・システム開発	選考フロー	A	industry-sier-senko	SIer・システム開発の選考フローと、面接で見られている観点	有価証券報告書／業界団体の公表資料
718	業界研究	SIer・システム開発	SIer・システム開発	志望動機	A	industry-sier-shiboudoki	SIer・システム開発の志望動機｜公務員からの転職でどう組み立てるか	有価証券報告書／業界団体の公表資料
719	業界研究	SIer・システム開発	SIer・システム開発	年収と働き方	A	industry-sier-nenshu	SIer・システム開発の年収と働き方｜公務員から移るとどう変わるか	有価証券報告書／業界団体の公表資料
720	業界研究	SIer・システム開発	SIer・システム開発	未経験から	A	industry-sier-mikeiken	未経験からSIer・システム開発に入るには｜公務員経験の使い方	有価証券報告書／業界団体の公表資料
721	業界研究	ITコンサルティング	ITコンサルティング	公務員経験の評価	A	industry-itconsul-hyoka	ITコンサルティングは公務員のどの経験を評価するか	有価証券報告書／業界団体の公表資料
722	業界研究	ITコンサルティング	ITコンサルティング	選考フロー	A	industry-itconsul-senko	ITコンサルティングの選考フローと、面接で見られている観点	有価証券報告書／業界団体の公表資料
723	業界研究	ITコンサルティング	ITコンサルティング	志望動機	A	industry-itconsul-shiboudoki	ITコンサルティングの志望動機｜公務員からの転職でどう組み立てるか	有価証券報告書／業界団体の公表資料
724	業界研究	ITコンサルティング	ITコンサルティング	年収と働き方	A	industry-itconsul-nenshu	ITコンサルティングの年収と働き方｜公務員から移るとどう変わるか	有価証券報告書／業界団体の公表資料
725	業界研究	ITコンサルティング	ITコンサルティング	未経験から	A	industry-itconsul-mikeiken	未経験からITコンサルティングに入るには｜公務員経験の使い方	有価証券報告書／業界団体の公表資料
726	業界研究	総合コンサルティング	総合コンサルティング	公務員経験の評価	A	industry-sogoconsul-hyoka	総合コンサルティングは公務員のどの経験を評価するか	有価証券報告書／業界団体の公表資料
727	業界研究	総合コンサルティング	総合コンサルティング	選考フロー	A	industry-sogoconsul-senko	総合コンサルティングの選考フローと、面接で見られている観点	有価証券報告書／業界団体の公表資料
728	業界研究	総合コンサルティング	総合コンサルティング	志望動機	A	industry-sogoconsul-shiboudoki	総合コンサルティングの志望動機｜公務員からの転職でどう組み立てるか	有価証券報告書／業界団体の公表資料
729	業界研究	総合コンサルティング	総合コンサルティング	年収と働き方	A	industry-sogoconsul-nenshu	総合コンサルティングの年収と働き方｜公務員から移るとどう変わるか	有価証券報告書／業界団体の公表資料
730	業界研究	総合コンサルティング	総合コンサルティング	未経験から	A	industry-sogoconsul-mikeiken	未経験から総合コンサルティングに入るには｜公務員経験の使い方	有価証券報告書／業界団体の公表資料
731	業界研究	人材サービス	人材サービス	公務員経験の評価	A	industry-jinzai-hyoka	人材サービスは公務員のどの経験を評価するか	有価証券報告書／業界団体の公表資料
732	業界研究	人材サービス	人材サービス	選考フロー	A	industry-jinzai-senko	人材サービスの選考フローと、面接で見られている観点	有価証券報告書／業界団体の公表資料
733	業界研究	人材サービス	人材サービス	志望動機	A	industry-jinzai-shiboudoki	人材サービスの志望動機｜公務員からの転職でどう組み立てるか	有価証券報告書／業界団体の公表資料
734	業界研究	人材サービス	人材サービス	年収と働き方	A	industry-jinzai-nenshu	人材サービスの年収と働き方｜公務員から移るとどう変わるか	有価証券報告書／業界団体の公表資料
735	業界研究	人材サービス	人材サービス	未経験から	A	industry-jinzai-mikeiken	未経験から人材サービスに入るには｜公務員経験の使い方	有価証券報告書／業界団体の公表資料
736	業界研究	不動産・デベロッパー	不動産・デベロッパー	公務員経験の評価	A	industry-fudosan-hyoka	不動産・デベロッパーは公務員のどの経験を評価するか	有価証券報告書／業界団体の公表資料
737	業界研究	不動産・デベロッパー	不動産・デベロッパー	選考フロー	A	industry-fudosan-senko	不動産・デベロッパーの選考フローと、面接で見られている観点	有価証券報告書／業界団体の公表資料
738	業界研究	不動産・デベロッパー	不動産・デベロッパー	志望動機	A	industry-fudosan-shiboudoki	不動産・デベロッパーの志望動機｜公務員からの転職でどう組み立てるか	有価証券報告書／業界団体の公表資料
739	業界研究	不動産・デベロッパー	不動産・デベロッパー	年収と働き方	A	industry-fudosan-nenshu	不動産・デベロッパーの年収と働き方｜公務員から移るとどう変わるか	有価証券報告書／業界団体の公表資料
740	業界研究	不動産・デベロッパー	不動産・デベロッパー	未経験から	A	industry-fudosan-mikeiken	未経験から不動産・デベロッパーに入るには｜公務員経験の使い方	有価証券報告書／業界団体の公表資料
741	業界研究	ゼネコン・建設	ゼネコン・建設	公務員経験の評価	A	industry-zenecon-hyoka	ゼネコン・建設は公務員のどの経験を評価するか	有価証券報告書／業界団体の公表資料
742	業界研究	ゼネコン・建設	ゼネコン・建設	選考フロー	A	industry-zenecon-senko	ゼネコン・建設の選考フローと、面接で見られている観点	有価証券報告書／業界団体の公表資料
743	業界研究	ゼネコン・建設	ゼネコン・建設	志望動機	A	industry-zenecon-shiboudoki	ゼネコン・建設の志望動機｜公務員からの転職でどう組み立てるか	有価証券報告書／業界団体の公表資料
744	業界研究	ゼネコン・建設	ゼネコン・建設	年収と働き方	A	industry-zenecon-nenshu	ゼネコン・建設の年収と働き方｜公務員から移るとどう変わるか	有価証券報告書／業界団体の公表資料
745	業界研究	ゼネコン・建設	ゼネコン・建設	未経験から	A	industry-zenecon-mikeiken	未経験からゼネコン・建設に入るには｜公務員経験の使い方	有価証券報告書／業界団体の公表資料
746	業界研究	上下水道・道路のインフラ運営	上下水道・道路のインフラ運営	公務員経験の評価	A	industry-infra-hyoka	上下水道・道路のインフラ運営は公務員のどの経験を評価するか	有価証券報告書／業界団体の公表資料
747	業界研究	上下水道・道路のインフラ運営	上下水道・道路のインフラ運営	選考フロー	A	industry-infra-senko	上下水道・道路のインフラ運営の選考フローと、面接で見られている観点	有価証券報告書／業界団体の公表資料
748	業界研究	上下水道・道路のインフラ運営	上下水道・道路のインフラ運営	志望動機	A	industry-infra-shiboudoki	上下水道・道路のインフラ運営の志望動機｜公務員からの転職でどう組み立てるか	有価証券報告書／業界団体の公表資料
749	業界研究	上下水道・道路のインフラ運営	上下水道・道路のインフラ運営	年収と働き方	A	industry-infra-nenshu	上下水道・道路のインフラ運営の年収と働き方｜公務員から移るとどう変わるか	有価証券報告書／業界団体の公表資料
750	業界研究	上下水道・道路のインフラ運営	上下水道・道路のインフラ運営	未経験から	A	industry-infra-mikeiken	未経験から上下水道・道路のインフラ運営に入るには｜公務員経験の使い方	有価証券報告書／業界団体の公表資料
751	業界研究	電力・ガス	電力・ガス	公務員経験の評価	A	industry-energy-hyoka	電力・ガスは公務員のどの経験を評価するか	有価証券報告書／業界団体の公表資料
752	業界研究	電力・ガス	電力・ガス	選考フロー	A	industry-energy-senko	電力・ガスの選考フローと、面接で見られている観点	有価証券報告書／業界団体の公表資料
753	業界研究	電力・ガス	電力・ガス	志望動機	A	industry-energy-shiboudoki	電力・ガスの志望動機｜公務員からの転職でどう組み立てるか	有価証券報告書／業界団体の公表資料
754	業界研究	電力・ガス	電力・ガス	年収と働き方	A	industry-energy-nenshu	電力・ガスの年収と働き方｜公務員から移るとどう変わるか	有価証券報告書／業界団体の公表資料
755	業界研究	電力・ガス	電力・ガス	未経験から	A	industry-energy-mikeiken	未経験から電力・ガスに入るには｜公務員経験の使い方	有価証券報告書／業界団体の公表資料
756	業界研究	鉄道・交通	鉄道・交通	公務員経験の評価	A	industry-tetsudo-hyoka	鉄道・交通は公務員のどの経験を評価するか	有価証券報告書／業界団体の公表資料
757	業界研究	鉄道・交通	鉄道・交通	選考フロー	A	industry-tetsudo-senko	鉄道・交通の選考フローと、面接で見られている観点	有価証券報告書／業界団体の公表資料
758	業界研究	鉄道・交通	鉄道・交通	志望動機	A	industry-tetsudo-shiboudoki	鉄道・交通の志望動機｜公務員からの転職でどう組み立てるか	有価証券報告書／業界団体の公表資料
759	業界研究	鉄道・交通	鉄道・交通	年収と働き方	A	industry-tetsudo-nenshu	鉄道・交通の年収と働き方｜公務員から移るとどう変わるか	有価証券報告書／業界団体の公表資料
760	業界研究	鉄道・交通	鉄道・交通	未経験から	A	industry-tetsudo-mikeiken	未経験から鉄道・交通に入るには｜公務員経験の使い方	有価証券報告書／業界団体の公表資料
761	業界研究	通信	通信	公務員経験の評価	A	industry-tsushin-hyoka	通信は公務員のどの経験を評価するか	有価証券報告書／業界団体の公表資料
762	業界研究	通信	通信	選考フロー	A	industry-tsushin-senko	通信の選考フローと、面接で見られている観点	有価証券報告書／業界団体の公表資料
763	業界研究	通信	通信	志望動機	A	industry-tsushin-shiboudoki	通信の志望動機｜公務員からの転職でどう組み立てるか	有価証券報告書／業界団体の公表資料
764	業界研究	通信	通信	年収と働き方	A	industry-tsushin-nenshu	通信の年収と働き方｜公務員から移るとどう変わるか	有価証券報告書／業界団体の公表資料
765	業界研究	通信	通信	未経験から	A	industry-tsushin-mikeiken	未経験から通信に入るには｜公務員経験の使い方	有価証券報告書／業界団体の公表資料
766	業界研究	地方銀行・信用金庫	地方銀行・信用金庫	公務員経験の評価	A	industry-chigin-hyoka	地方銀行・信用金庫は公務員のどの経験を評価するか	有価証券報告書／業界団体の公表資料
767	業界研究	地方銀行・信用金庫	地方銀行・信用金庫	選考フロー	A	industry-chigin-senko	地方銀行・信用金庫の選考フローと、面接で見られている観点	有価証券報告書／業界団体の公表資料
768	業界研究	地方銀行・信用金庫	地方銀行・信用金庫	志望動機	A	industry-chigin-shiboudoki	地方銀行・信用金庫の志望動機｜公務員からの転職でどう組み立てるか	有価証券報告書／業界団体の公表資料
769	業界研究	地方銀行・信用金庫	地方銀行・信用金庫	年収と働き方	A	industry-chigin-nenshu	地方銀行・信用金庫の年収と働き方｜公務員から移るとどう変わるか	有価証券報告書／業界団体の公表資料
770	業界研究	地方銀行・信用金庫	地方銀行・信用金庫	未経験から	A	industry-chigin-mikeiken	未経験から地方銀行・信用金庫に入るには｜公務員経験の使い方	有価証券報告書／業界団体の公表資料
771	業界研究	保険	保険	公務員経験の評価	A	industry-hokengyo-hyoka	保険は公務員のどの経験を評価するか	有価証券報告書／業界団体の公表資料
772	業界研究	保険	保険	選考フロー	A	industry-hokengyo-senko	保険の選考フローと、面接で見られている観点	有価証券報告書／業界団体の公表資料
773	業界研究	保険	保険	志望動機	A	industry-hokengyo-shiboudoki	保険の志望動機｜公務員からの転職でどう組み立てるか	有価証券報告書／業界団体の公表資料
774	業界研究	保険	保険	年収と働き方	A	industry-hokengyo-nenshu	保険の年収と働き方｜公務員から移るとどう変わるか	有価証券報告書／業界団体の公表資料
775	業界研究	保険	保険	未経験から	A	industry-hokengyo-mikeiken	未経験から保険に入るには｜公務員経験の使い方	有価証券報告書／業界団体の公表資料
776	業界研究	会計事務所・税理士法人	会計事務所・税理士法人	公務員経験の評価	A	industry-zeirishi-hyoka	会計事務所・税理士法人は公務員のどの経験を評価するか	有価証券報告書／業界団体の公表資料
777	業界研究	会計事務所・税理士法人	会計事務所・税理士法人	選考フロー	A	industry-zeirishi-senko	会計事務所・税理士法人の選考フローと、面接で見られている観点	有価証券報告書／業界団体の公表資料
778	業界研究	会計事務所・税理士法人	会計事務所・税理士法人	志望動機	A	industry-zeirishi-shiboudoki	会計事務所・税理士法人の志望動機｜公務員からの転職でどう組み立てるか	有価証券報告書／業界団体の公表資料
779	業界研究	会計事務所・税理士法人	会計事務所・税理士法人	年収と働き方	A	industry-zeirishi-nenshu	会計事務所・税理士法人の年収と働き方｜公務員から移るとどう変わるか	有価証券報告書／業界団体の公表資料
780	業界研究	会計事務所・税理士法人	会計事務所・税理士法人	未経験から	A	industry-zeirishi-mikeiken	未経験から会計事務所・税理士法人に入るには｜公務員経験の使い方	有価証券報告書／業界団体の公表資料
781	業界研究	企業法務・法律事務所	企業法務・法律事務所	公務員経験の評価	A	industry-homu-hyoka	企業法務・法律事務所は公務員のどの経験を評価するか	有価証券報告書／業界団体の公表資料
782	業界研究	企業法務・法律事務所	企業法務・法律事務所	選考フロー	A	industry-homu-senko	企業法務・法律事務所の選考フローと、面接で見られている観点	有価証券報告書／業界団体の公表資料
783	業界研究	企業法務・法律事務所	企業法務・法律事務所	志望動機	A	industry-homu-shiboudoki	企業法務・法律事務所の志望動機｜公務員からの転職でどう組み立てるか	有価証券報告書／業界団体の公表資料
784	業界研究	企業法務・法律事務所	企業法務・法律事務所	年収と働き方	A	industry-homu-nenshu	企業法務・法律事務所の年収と働き方｜公務員から移るとどう変わるか	有価証券報告書／業界団体の公表資料
785	業界研究	企業法務・法律事務所	企業法務・法律事務所	未経験から	A	industry-homu-mikeiken	未経験から企業法務・法律事務所に入るには｜公務員経験の使い方	有価証券報告書／業界団体の公表資料
786	業界研究	医療・ヘルスケア	医療・ヘルスケア	公務員経験の評価	A	industry-medical-hyoka	医療・ヘルスケアは公務員のどの経験を評価するか	有価証券報告書／業界団体の公表資料
787	業界研究	医療・ヘルスケア	医療・ヘルスケア	選考フロー	A	industry-medical-senko	医療・ヘルスケアの選考フローと、面接で見られている観点	有価証券報告書／業界団体の公表資料
788	業界研究	医療・ヘルスケア	医療・ヘルスケア	志望動機	A	industry-medical-shiboudoki	医療・ヘルスケアの志望動機｜公務員からの転職でどう組み立てるか	有価証券報告書／業界団体の公表資料
789	業界研究	医療・ヘルスケア	医療・ヘルスケア	年収と働き方	A	industry-medical-nenshu	医療・ヘルスケアの年収と働き方｜公務員から移るとどう変わるか	有価証券報告書／業界団体の公表資料
790	業界研究	医療・ヘルスケア	医療・ヘルスケア	未経験から	A	industry-medical-mikeiken	未経験から医療・ヘルスケアに入るには｜公務員経験の使い方	有価証券報告書／業界団体の公表資料
791	業界研究	介護・福祉	介護・福祉	公務員経験の評価	A	industry-kaigogyo-hyoka	介護・福祉は公務員のどの経験を評価するか	有価証券報告書／業界団体の公表資料
792	業界研究	介護・福祉	介護・福祉	選考フロー	A	industry-kaigogyo-senko	介護・福祉の選考フローと、面接で見られている観点	有価証券報告書／業界団体の公表資料
793	業界研究	介護・福祉	介護・福祉	志望動機	A	industry-kaigogyo-shiboudoki	介護・福祉の志望動機｜公務員からの転職でどう組み立てるか	有価証券報告書／業界団体の公表資料
794	業界研究	介護・福祉	介護・福祉	年収と働き方	A	industry-kaigogyo-nenshu	介護・福祉の年収と働き方｜公務員から移るとどう変わるか	有価証券報告書／業界団体の公表資料
795	業界研究	介護・福祉	介護・福祉	未経験から	A	industry-kaigogyo-mikeiken	未経験から介護・福祉に入るには｜公務員経験の使い方	有価証券報告書／業界団体の公表資料
796	業界研究	教育・EdTech	教育・EdTech	公務員経験の評価	A	industry-edtech-hyoka	教育・EdTechは公務員のどの経験を評価するか	有価証券報告書／業界団体の公表資料
797	業界研究	教育・EdTech	教育・EdTech	選考フロー	A	industry-edtech-senko	教育・EdTechの選考フローと、面接で見られている観点	有価証券報告書／業界団体の公表資料
798	業界研究	教育・EdTech	教育・EdTech	志望動機	A	industry-edtech-shiboudoki	教育・EdTechの志望動機｜公務員からの転職でどう組み立てるか	有価証券報告書／業界団体の公表資料
799	業界研究	教育・EdTech	教育・EdTech	年収と働き方	A	industry-edtech-nenshu	教育・EdTechの年収と働き方｜公務員から移るとどう変わるか	有価証券報告書／業界団体の公表資料
800	業界研究	教育・EdTech	教育・EdTech	未経験から	A	industry-edtech-mikeiken	未経験から教育・EdTechに入るには｜公務員経験の使い方	有価証券報告書／業界団体の公表資料
801	業界研究	保育	保育	公務員経験の評価	A	industry-hoikugyo-hyoka	保育は公務員のどの経験を評価するか	有価証券報告書／業界団体の公表資料
802	業界研究	保育	保育	選考フロー	A	industry-hoikugyo-senko	保育の選考フローと、面接で見られている観点	有価証券報告書／業界団体の公表資料
803	業界研究	保育	保育	志望動機	A	industry-hoikugyo-shiboudoki	保育の志望動機｜公務員からの転職でどう組み立てるか	有価証券報告書／業界団体の公表資料
804	業界研究	保育	保育	年収と働き方	A	industry-hoikugyo-nenshu	保育の年収と働き方｜公務員から移るとどう変わるか	有価証券報告書／業界団体の公表資料
805	業界研究	保育	保育	未経験から	A	industry-hoikugyo-mikeiken	未経験から保育に入るには｜公務員経験の使い方	有価証券報告書／業界団体の公表資料
806	業界研究	環境・GX	環境・GX	公務員経験の評価	A	industry-kankyogyo-hyoka	環境・GXは公務員のどの経験を評価するか	有価証券報告書／業界団体の公表資料
807	業界研究	環境・GX	環境・GX	選考フロー	A	industry-kankyogyo-senko	環境・GXの選考フローと、面接で見られている観点	有価証券報告書／業界団体の公表資料
808	業界研究	環境・GX	環境・GX	志望動機	A	industry-kankyogyo-shiboudoki	環境・GXの志望動機｜公務員からの転職でどう組み立てるか	有価証券報告書／業界団体の公表資料
809	業界研究	環境・GX	環境・GX	年収と働き方	A	industry-kankyogyo-nenshu	環境・GXの年収と働き方｜公務員から移るとどう変わるか	有価証券報告書／業界団体の公表資料
810	業界研究	環境・GX	環境・GX	未経験から	A	industry-kankyogyo-mikeiken	未経験から環境・GXに入るには｜公務員経験の使い方	有価証券報告書／業界団体の公表資料
811	業界研究	再生可能エネルギー	再生可能エネルギー	公務員経験の評価	A	industry-saiene-hyoka	再生可能エネルギーは公務員のどの経験を評価するか	有価証券報告書／業界団体の公表資料
812	業界研究	再生可能エネルギー	再生可能エネルギー	選考フロー	A	industry-saiene-senko	再生可能エネルギーの選考フローと、面接で見られている観点	有価証券報告書／業界団体の公表資料
813	業界研究	再生可能エネルギー	再生可能エネルギー	志望動機	A	industry-saiene-shiboudoki	再生可能エネルギーの志望動機｜公務員からの転職でどう組み立てるか	有価証券報告書／業界団体の公表資料
814	業界研究	再生可能エネルギー	再生可能エネルギー	年収と働き方	A	industry-saiene-nenshu	再生可能エネルギーの年収と働き方｜公務員から移るとどう変わるか	有価証券報告書／業界団体の公表資料
815	業界研究	再生可能エネルギー	再生可能エネルギー	未経験から	A	industry-saiene-mikeiken	未経験から再生可能エネルギーに入るには｜公務員経験の使い方	有価証券報告書／業界団体の公表資料
816	業界研究	農業・食品	農業・食品	公務員経験の評価	A	industry-shokuhin-hyoka	農業・食品は公務員のどの経験を評価するか	有価証券報告書／業界団体の公表資料
817	業界研究	農業・食品	農業・食品	選考フロー	A	industry-shokuhin-senko	農業・食品の選考フローと、面接で見られている観点	有価証券報告書／業界団体の公表資料
818	業界研究	農業・食品	農業・食品	志望動機	A	industry-shokuhin-shiboudoki	農業・食品の志望動機｜公務員からの転職でどう組み立てるか	有価証券報告書／業界団体の公表資料
819	業界研究	農業・食品	農業・食品	年収と働き方	A	industry-shokuhin-nenshu	農業・食品の年収と働き方｜公務員から移るとどう変わるか	有価証券報告書／業界団体の公表資料
820	業界研究	農業・食品	農業・食品	未経験から	A	industry-shokuhin-mikeiken	未経験から農業・食品に入るには｜公務員経験の使い方	有価証券報告書／業界団体の公表資料
821	業界研究	観光・地域振興	観光・地域振興	公務員経験の評価	A	industry-kanko-hyoka	観光・地域振興は公務員のどの経験を評価するか	有価証券報告書／業界団体の公表資料
822	業界研究	観光・地域振興	観光・地域振興	選考フロー	A	industry-kanko-senko	観光・地域振興の選考フローと、面接で見られている観点	有価証券報告書／業界団体の公表資料
823	業界研究	観光・地域振興	観光・地域振興	志望動機	A	industry-kanko-shiboudoki	観光・地域振興の志望動機｜公務員からの転職でどう組み立てるか	有価証券報告書／業界団体の公表資料
824	業界研究	観光・地域振興	観光・地域振興	年収と働き方	A	industry-kanko-nenshu	観光・地域振興の年収と働き方｜公務員から移るとどう変わるか	有価証券報告書／業界団体の公表資料
825	業界研究	観光・地域振興	観光・地域振興	未経験から	A	industry-kanko-mikeiken	未経験から観光・地域振興に入るには｜公務員経験の使い方	有価証券報告書／業界団体の公表資料
826	業界研究	まちづくり・都市開発	まちづくり・都市開発	公務員経験の評価	A	industry-machizukuri-hyoka	まちづくり・都市開発は公務員のどの経験を評価するか	有価証券報告書／業界団体の公表資料
827	業界研究	まちづくり・都市開発	まちづくり・都市開発	選考フロー	A	industry-machizukuri-senko	まちづくり・都市開発の選考フローと、面接で見られている観点	有価証券報告書／業界団体の公表資料
828	業界研究	まちづくり・都市開発	まちづくり・都市開発	志望動機	A	industry-machizukuri-shiboudoki	まちづくり・都市開発の志望動機｜公務員からの転職でどう組み立てるか	有価証券報告書／業界団体の公表資料
829	業界研究	まちづくり・都市開発	まちづくり・都市開発	年収と働き方	A	industry-machizukuri-nenshu	まちづくり・都市開発の年収と働き方｜公務員から移るとどう変わるか	有価証券報告書／業界団体の公表資料
830	業界研究	まちづくり・都市開発	まちづくり・都市開発	未経験から	A	industry-machizukuri-mikeiken	未経験からまちづくり・都市開発に入るには｜公務員経験の使い方	有価証券報告書／業界団体の公表資料
831	業界研究	物流	物流	公務員経験の評価	A	industry-butsuryu-hyoka	物流は公務員のどの経験を評価するか	有価証券報告書／業界団体の公表資料
832	業界研究	物流	物流	選考フロー	A	industry-butsuryu-senko	物流の選考フローと、面接で見られている観点	有価証券報告書／業界団体の公表資料
833	業界研究	物流	物流	志望動機	A	industry-butsuryu-shiboudoki	物流の志望動機｜公務員からの転職でどう組み立てるか	有価証券報告書／業界団体の公表資料
834	業界研究	物流	物流	年収と働き方	A	industry-butsuryu-nenshu	物流の年収と働き方｜公務員から移るとどう変わるか	有価証券報告書／業界団体の公表資料
835	業界研究	物流	物流	未経験から	A	industry-butsuryu-mikeiken	未経験から物流に入るには｜公務員経験の使い方	有価証券報告書／業界団体の公表資料
836	業界研究	製造業の管理部門	製造業の管理部門	公務員経験の評価	A	industry-seizo-hyoka	製造業の管理部門は公務員のどの経験を評価するか	有価証券報告書／業界団体の公表資料
837	業界研究	製造業の管理部門	製造業の管理部門	選考フロー	A	industry-seizo-senko	製造業の管理部門の選考フローと、面接で見られている観点	有価証券報告書／業界団体の公表資料
838	業界研究	製造業の管理部門	製造業の管理部門	志望動機	A	industry-seizo-shiboudoki	製造業の管理部門の志望動機｜公務員からの転職でどう組み立てるか	有価証券報告書／業界団体の公表資料
839	業界研究	製造業の管理部門	製造業の管理部門	年収と働き方	A	industry-seizo-nenshu	製造業の管理部門の年収と働き方｜公務員から移るとどう変わるか	有価証券報告書／業界団体の公表資料
840	業界研究	製造業の管理部門	製造業の管理部門	未経験から	A	industry-seizo-mikeiken	未経験から製造業の管理部門に入るには｜公務員経験の使い方	有価証券報告書／業界団体の公表資料
841	業界研究	商社	商社	公務員経験の評価	A	industry-shosha-hyoka	商社は公務員のどの経験を評価するか	有価証券報告書／業界団体の公表資料
842	業界研究	商社	商社	選考フロー	A	industry-shosha-senko	商社の選考フローと、面接で見られている観点	有価証券報告書／業界団体の公表資料
843	業界研究	商社	商社	志望動機	A	industry-shosha-shiboudoki	商社の志望動機｜公務員からの転職でどう組み立てるか	有価証券報告書／業界団体の公表資料
844	業界研究	商社	商社	年収と働き方	A	industry-shosha-nenshu	商社の年収と働き方｜公務員から移るとどう変わるか	有価証券報告書／業界団体の公表資料
845	業界研究	商社	商社	未経験から	A	industry-shosha-mikeiken	未経験から商社に入るには｜公務員経験の使い方	有価証券報告書／業界団体の公表資料
846	業界研究	NPO・公益法人	NPO・公益法人	公務員経験の評価	A	industry-npo-hyoka	NPO・公益法人は公務員のどの経験を評価するか	有価証券報告書／業界団体の公表資料
847	業界研究	NPO・公益法人	NPO・公益法人	選考フロー	A	industry-npo-senko	NPO・公益法人の選考フローと、面接で見られている観点	有価証券報告書／業界団体の公表資料
848	業界研究	NPO・公益法人	NPO・公益法人	志望動機	A	industry-npo-shiboudoki	NPO・公益法人の志望動機｜公務員からの転職でどう組み立てるか	有価証券報告書／業界団体の公表資料
849	業界研究	NPO・公益法人	NPO・公益法人	年収と働き方	A	industry-npo-nenshu	NPO・公益法人の年収と働き方｜公務員から移るとどう変わるか	有価証券報告書／業界団体の公表資料
850	業界研究	NPO・公益法人	NPO・公益法人	未経験から	A	industry-npo-mikeiken	未経験からNPO・公益法人に入るには｜公務員経験の使い方	有価証券報告書／業界団体の公表資料
851	制度とお金	退職手当	退職手当	退職手当の仕組み｜何で金額が決まるのか	S	seido-taishokuteate-shikumi	退職手当の仕組み｜何で金額が決まるのか	地方公務員法／退職手当条例／共済組合・年金機構・国税庁の公式
852	制度とお金	退職手当	退職手当	退職手当条例の読み方	S	seido-taishokuteate-jorei	退職手当条例の読み方	地方公務員法／退職手当条例／共済組合・年金機構・国税庁の公式
853	制度とお金	退職手当	退職手当	自己都合退職と定年退職で何が変わるか	S	seido-taishokuteate-jiko	自己都合退職と定年退職で何が変わるか	地方公務員法／退職手当条例／共済組合・年金機構・国税庁の公式
854	制度とお金	退職手当	退職手当	勤続年数が支給率に与える影響	S	seido-taishokuteate-kinzoku	勤続年数が支給率に与える影響	地方公務員法／退職手当条例／共済組合・年金機構・国税庁の公式
855	制度とお金	退職手当	退職手当	勤続20年・25年という節目の意味	S	seido-taishokuteate-fushime	勤続20年・25年という節目の意味	地方公務員法／退職手当条例／共済組合・年金機構・国税庁の公式
856	制度とお金	退職手当	退職手当	調整額とは何か	S	seido-taishokuteate-chosei	調整額とは何か	地方公務員法／退職手当条例／共済組合・年金機構・国税庁の公式
857	制度とお金	退職手当	退職手当	基本額の計算の考え方	S	seido-taishokuteate-kihongaku	基本額の計算の考え方	地方公務員法／退職手当条例／共済組合・年金機構・国税庁の公式
858	制度とお金	退職手当	退職手当	退職所得控除と税金	S	seido-taishokuteate-zei	退職所得控除と税金	地方公務員法／退職手当条例／共済組合・年金機構・国税庁の公式
859	制度とお金	退職手当	退職手当	支給日と受け取り方	S	seido-taishokuteate-shikyubi	支給日と受け取り方	地方公務員法／退職手当条例／共済組合・年金機構・国税庁の公式
860	制度とお金	退職手当	退職手当	年度途中に辞めると退職手当はどうなるか	S	seido-taishokuteate-nendotochu	年度途中に辞めると退職手当はどうなるか	地方公務員法／退職手当条例／共済組合・年金機構・国税庁の公式
861	制度とお金	退職手当	退職手当	再任用・再就職と退職手当	S	seido-taishokuteate-saininyo	再任用・再就職と退職手当	地方公務員法／退職手当条例／共済組合・年金機構・国税庁の公式
862	制度とお金	退職手当	退職手当	国家公務員と地方公務員の違い	S	seido-taishokuteate-kokka	国家公務員と地方公務員の違い	地方公務員法／退職手当条例／共済組合・年金機構・国税庁の公式
863	制度とお金	退職手当	退職手当	会計年度任用職員の退職手当	S	seido-taishokuteate-kaikeinendo	会計年度任用職員の退職手当	地方公務員法／退職手当条例／共済組合・年金機構・国税庁の公式
864	制度とお金	退職手当	退職手当	退職手当をあてにした資金計画の考え方	S	seido-taishokuteate-shikin	退職手当をあてにした資金計画の考え方	地方公務員法／退職手当条例／共済組合・年金機構・国税庁の公式
865	制度とお金	退職手当	退職手当	支給制限・返納の規定	S	seido-taishokuteate-seigen	支給制限・返納の規定	地方公務員法／退職手当条例／共済組合・年金機構・国税庁の公式
866	制度とお金	共済と健康保険	共済と健康保険	地方公務員共済組合の仕組み	A	seido-kyosai-shikumi	地方公務員共済組合の仕組み	地方公務員法／退職手当条例／共済組合・年金機構・国税庁の公式
867	制度とお金	共済と健康保険	共済と健康保険	短期給付とは何か	A	seido-kyosai-tanki	短期給付とは何か	地方公務員法／退職手当条例／共済組合・年金機構・国税庁の公式
868	制度とお金	共済と健康保険	共済と健康保険	長期給付とは何か	A	seido-kyosai-choki	長期給付とは何か	地方公務員法／退職手当条例／共済組合・年金機構・国税庁の公式
869	制度とお金	共済と健康保険	共済と健康保険	退職時の共済の手続き	A	seido-kyosai-dattai	退職時の共済の手続き	地方公務員法／退職手当条例／共済組合・年金機構・国税庁の公式
870	制度とお金	共済と健康保険	共済と健康保険	退職後の健康保険、3つの選択肢	A	seido-kenko-sentaku	退職後の健康保険、3つの選択肢	地方公務員法／退職手当条例／共済組合・年金機構・国税庁の公式
871	制度とお金	共済と健康保険	共済と健康保険	任意継続組合員制度	A	seido-kenko-nini	任意継続組合員制度	地方公務員法／退職手当条例／共済組合・年金機構・国税庁の公式
872	制度とお金	共済と健康保険	共済と健康保険	国民健康保険に切り替える場合	A	seido-kenko-kokuho	国民健康保険に切り替える場合	地方公務員法／退職手当条例／共済組合・年金機構・国税庁の公式
873	制度とお金	共済と健康保険	共済と健康保険	家族の扶養に入る場合	A	seido-kenko-fuyo	家族の扶養に入る場合	地方公務員法／退職手当条例／共済組合・年金機構・国税庁の公式
874	制度とお金	共済と健康保険	共済と健康保険	転職先の健康保険に入る場合	A	seido-kenko-shinki	転職先の健康保険に入る場合	地方公務員法／退職手当条例／共済組合・年金機構・国税庁の公式
875	制度とお金	共済と健康保険	共済と健康保険	保険料はどれが安いのか、の考え方	A	seido-kenko-hikaku	保険料はどれが安いのか、の考え方	地方公務員法／退職手当条例／共済組合・年金機構・国税庁の公式
876	制度とお金	共済と健康保険	共済と健康保険	共済貸付の残債はどうなるか	A	seido-kyosai-kashitsuke	共済貸付の残債はどうなるか	地方公務員法／退職手当条例／共済組合・年金機構・国税庁の公式
877	制度とお金	共済と健康保険	共済と健康保険	互助会・共済会の脱退	A	seido-kyosai-gojokai	互助会・共済会の脱退	地方公務員法／退職手当条例／共済組合・年金機構・国税庁の公式
878	制度とお金	共済と健康保険	共済と健康保険	財形貯蓄の扱い	A	seido-kyosai-zaikei	財形貯蓄の扱い	地方公務員法／退職手当条例／共済組合・年金機構・国税庁の公式
879	制度とお金	共済と健康保険	共済と健康保険	福利厚生施設が使えなくなること	A	seido-kyosai-shisetsu	福利厚生施設が使えなくなること	地方公務員法／退職手当条例／共済組合・年金機構・国税庁の公式
880	制度とお金	共済と健康保険	共済と健康保険	公務災害の補償と、退職後の扱い	A	seido-kyosai-kohsai	公務災害の補償と、退職後の扱い	地方公務員法／退職手当条例／共済組合・年金機構・国税庁の公式
881	制度とお金	年金	年金	被用者年金一元化で何が変わったか	S	seido-nenkin-ichigenka	被用者年金一元化で何が変わったか	地方公務員法／退職手当条例／共済組合・年金機構・国税庁の公式
882	制度とお金	年金	年金	職域加算と年金払い退職給付	S	seido-nenkin-shokuiki	職域加算と年金払い退職給付	地方公務員法／退職手当条例／共済組合・年金機構・国税庁の公式
883	制度とお金	年金	年金	共済期間は転職後どうなるか	S	seido-nenkin-kikan	共済期間は転職後どうなるか	地方公務員法／退職手当条例／共済組合・年金機構・国税庁の公式
884	制度とお金	年金	年金	退職時の年金の手続き	S	seido-nenkin-tetsuzuki	退職時の年金の手続き	地方公務員法／退職手当条例／共済組合・年金機構・国税庁の公式
885	制度とお金	年金	年金	国民年金に切り替える場合	S	seido-nenkin-kokumin	国民年金に切り替える場合	地方公務員法／退職手当条例／共済組合・年金機構・国税庁の公式
886	制度とお金	年金	年金	厚生年金に切り替える場合	S	seido-nenkin-kosei	厚生年金に切り替える場合	地方公務員法／退職手当条例／共済組合・年金機構・国税庁の公式
887	制度とお金	年金	年金	受給額への影響の考え方	S	seido-nenkin-juryogaku	受給額への影響の考え方	地方公務員法／退職手当条例／共済組合・年金機構・国税庁の公式
888	制度とお金	年金	年金	iDeCoは公務員と会社員で何が違うか	S	seido-nenkin-ideco	iDeCoは公務員と会社員で何が違うか	地方公務員法／退職手当条例／共済組合・年金機構・国税庁の公式
889	制度とお金	年金	年金	企業型確定拠出年金がある会社に移るとき	S	seido-nenkin-kigyogata	企業型確定拠出年金がある会社に移るとき	地方公務員法／退職手当条例／共済組合・年金機構・国税庁の公式
890	制度とお金	年金	年金	過払い・未納が出たときの対応	S	seido-nenkin-mino	過払い・未納が出たときの対応	地方公務員法／退職手当条例／共済組合・年金機構・国税庁の公式
891	制度とお金	年金	年金	退職日と加入月のずれに注意する	S	seido-nenkin-taishokubi	退職日と加入月のずれに注意する	地方公務員法／退職手当条例／共済組合・年金機構・国税庁の公式
892	制度とお金	年金	年金	ねんきん定期便で確認しておくこと	S	seido-nenkin-teikibin	ねんきん定期便で確認しておくこと	地方公務員法／退職手当条例／共済組合・年金機構・国税庁の公式
893	制度とお金	失業給付と税金	失業給付と税金	公務員に雇用保険がない理由	S	seido-shitsugyo-nashi	公務員に雇用保険がない理由	地方公務員法／退職手当条例／共済組合・年金機構・国税庁の公式
894	制度とお金	失業給付と税金	失業給付と税金	「退職手当が失業給付の代わり」の正確なところ	S	seido-shitsugyo-daikae	「退職手当が失業給付の代わり」の正確なところ	地方公務員法／退職手当条例／共済組合・年金機構・国税庁の公式
895	制度とお金	失業給付と税金	失業給付と税金	退職手当が一定額に満たない場合の給付	S	seido-shitsugyo-kyufu	退職手当が一定額に満たない場合の給付	地方公務員法／退職手当条例／共済組合・年金機構・国税庁の公式
896	制度とお金	失業給付と税金	失業給付と税金	ハローワークで公務員が使える制度	S	seido-shitsugyo-hellowork	ハローワークで公務員が使える制度	地方公務員法／退職手当条例／共済組合・年金機構・国税庁の公式
897	制度とお金	失業給付と税金	失業給付と税金	退職所得の課税の仕組み	S	seido-zei-taishokushotoku	退職所得の課税の仕組み	地方公務員法／退職手当条例／共済組合・年金機構・国税庁の公式
898	制度とお金	失業給付と税金	失業給付と税金	退職所得の受給に関する申告書	S	seido-zei-shinkokusho	退職所得の受給に関する申告書	地方公務員法／退職手当条例／共済組合・年金機構・国税庁の公式
899	制度とお金	失業給付と税金	失業給付と税金	退職後の住民税｜一括徴収と普通徴収	S	seido-zei-juminzei	退職後の住民税｜一括徴収と普通徴収	地方公務員法／退職手当条例／共済組合・年金機構・国税庁の公式
900	制度とお金	失業給付と税金	失業給付と税金	退職した年の確定申告	S	seido-zei-kakutei	退職した年の確定申告	地方公務員法／退職手当条例／共済組合・年金機構・国税庁の公式
901	制度とお金	失業給付と税金	失業給付と税金	年末調整は誰がやるか	S	seido-zei-nenmatsu	年末調整は誰がやるか	地方公務員法／退職手当条例／共済組合・年金機構・国税庁の公式
902	制度とお金	失業給付と税金	失業給付と税金	ふるさと納税と退職の関係	S	seido-zei-furusato	ふるさと納税と退職の関係	地方公務員法／退職手当条例／共済組合・年金機構・国税庁の公式
903	制度とお金	失業給付と税金	失業給付と税金	医療費控除・生命保険料控除の扱い	S	seido-zei-koujo	医療費控除・生命保険料控除の扱い	地方公務員法／退職手当条例／共済組合・年金機構・国税庁の公式
904	制度とお金	失業給付と税金	失業給付と税金	無職期間の社会保険料と控除	S	seido-zei-mushoku	無職期間の社会保険料と控除	地方公務員法／退職手当条例／共済組合・年金機構・国税庁の公式
905	制度とお金	失業給付と税金	失業給付と税金	副業収入がある場合の申告	S	seido-zei-fukugyo	副業収入がある場合の申告	地方公務員法／退職手当条例／共済組合・年金機構・国税庁の公式
906	制度とお金	服務と法令上の制限	服務と法令上の制限	守秘義務は退職後も続くのか	A	seido-fukumu-himitsu	守秘義務は退職後も続くのか	地方公務員法／退職手当条例／共済組合・年金機構・国税庁の公式
907	制度とお金	服務と法令上の制限	服務と法令上の制限	退職後の再就職規制｜国家公務員の場合	A	seido-fukumu-saishushoku	退職後の再就職規制｜国家公務員の場合	地方公務員法／退職手当条例／共済組合・年金機構・国税庁の公式
908	制度とお金	服務と法令上の制限	服務と法令上の制限	地方公務員に再就職規制はあるのか	A	seido-fukumu-chihou	地方公務員に再就職規制はあるのか	地方公務員法／退職手当条例／共済組合・年金機構・国税庁の公式
909	制度とお金	服務と法令上の制限	服務と法令上の制限	営利企業への就職制限をめぐる誤解	A	seido-fukumu-eiri	営利企業への就職制限をめぐる誤解	地方公務員法／退職手当条例／共済組合・年金機構・国税庁の公式
910	制度とお金	服務と法令上の制限	服務と法令上の制限	地方公務員法38条は在職中の規定であること	A	seido-fukumu-38jo	地方公務員法38条は在職中の規定であること	地方公務員法／退職手当条例／共済組合・年金機構・国税庁の公式
911	制度とお金	服務と法令上の制限	服務と法令上の制限	在職中の副業・兼業の許可	A	seido-fukumu-fukugyo	在職中の副業・兼業の許可	地方公務員法／退職手当条例／共済組合・年金機構・国税庁の公式
912	制度とお金	服務と法令上の制限	服務と法令上の制限	職務専念義務と転職活動	A	seido-fukumu-sennen	職務専念義務と転職活動	地方公務員法／退職手当条例／共済組合・年金機構・国税庁の公式
913	制度とお金	服務と法令上の制限	服務と法令上の制限	信用失墜行為とは何か	A	seido-fukumu-shinyo	信用失墜行為とは何か	地方公務員法／退職手当条例／共済組合・年金機構・国税庁の公式
914	制度とお金	服務と法令上の制限	服務と法令上の制限	政治的行為の制限	A	seido-fukumu-seiji	政治的行為の制限	地方公務員法／退職手当条例／共済組合・年金機構・国税庁の公式
915	制度とお金	服務と法令上の制限	服務と法令上の制限	争議行為の禁止	A	seido-fukumu-sogi	争議行為の禁止	地方公務員法／退職手当条例／共済組合・年金機構・国税庁の公式
916	制度とお金	服務と法令上の制限	服務と法令上の制限	公職への立候補と失職	A	seido-fukumu-koushoku	公職への立候補と失職	地方公務員法／退職手当条例／共済組合・年金機構・国税庁の公式
917	制度とお金	服務と法令上の制限	服務と法令上の制限	在職中に得た情報の持ち出し	A	seido-fukumu-joho	在職中に得た情報の持ち出し	地方公務員法／退職手当条例／共済組合・年金機構・国税庁の公式
918	制度とお金	服務と法令上の制限	服務と法令上の制限	名刺・人脈の扱い	A	seido-fukumu-meishi	名刺・人脈の扱い	地方公務員法／退職手当条例／共済組合・年金機構・国税庁の公式
919	制度とお金	服務と法令上の制限	服務と法令上の制限	前職の取引先へ営業してよいか	A	seido-fukumu-torihikisaki	前職の取引先へ営業してよいか	地方公務員法／退職手当条例／共済組合・年金機構・国税庁の公式
920	制度とお金	服務と法令上の制限	服務と法令上の制限	退職前に転職先と条件を詰めてよいか	A	seido-fukumu-jizen	退職前に転職先と条件を詰めてよいか	地方公務員法／退職手当条例／共済組合・年金機構・国税庁の公式
921	制度とお金	休暇・休職と働き方の制度	休暇・休職と働き方の制度	年次有給休暇の繰越と消化	A	seido-kyuka-nenkyu	年次有給休暇の繰越と消化	地方公務員法／退職手当条例／共済組合・年金機構・国税庁の公式
922	制度とお金	休暇・休職と働き方の制度	休暇・休職と働き方の制度	病気休暇と病気休職	A	seido-kyuka-byoki	病気休暇と病気休職	地方公務員法／退職手当条例／共済組合・年金機構・国税庁の公式
923	制度とお金	休暇・休職と働き方の制度	休暇・休職と働き方の制度	育児休業の制度	A	seido-kyuka-ikuji	育児休業の制度	地方公務員法／退職手当条例／共済組合・年金機構・国税庁の公式
924	制度とお金	休暇・休職と働き方の制度	休暇・休職と働き方の制度	育児部分休業・部分休暇	A	seido-kyuka-bubun	育児部分休業・部分休暇	地方公務員法／退職手当条例／共済組合・年金機構・国税庁の公式
925	制度とお金	休暇・休職と働き方の制度	休暇・休職と働き方の制度	介護休暇・介護時間	A	seido-kyuka-kaigo	介護休暇・介護時間	地方公務員法／退職手当条例／共済組合・年金機構・国税庁の公式
926	制度とお金	休暇・休職と働き方の制度	休暇・休職と働き方の制度	修学部分休業	A	seido-kyuka-shugaku	修学部分休業	地方公務員法／退職手当条例／共済組合・年金機構・国税庁の公式
927	制度とお金	休暇・休職と働き方の制度	休暇・休職と働き方の制度	自己啓発等休業	A	seido-kyuka-jikokeihatsu	自己啓発等休業	地方公務員法／退職手当条例／共済組合・年金機構・国税庁の公式
928	制度とお金	休暇・休職と働き方の制度	休暇・休職と働き方の制度	公益的法人等への派遣	A	seido-kyuka-haken	公益的法人等への派遣	地方公務員法／退職手当条例／共済組合・年金機構・国税庁の公式
929	制度とお金	休暇・休職と働き方の制度	休暇・休職と働き方の制度	研修派遣・大学院派遣と、その後の服務	A	seido-kyuka-kenshu	研修派遣・大学院派遣と、その後の服務	地方公務員法／退職手当条例／共済組合・年金機構・国税庁の公式
930	制度とお金	休暇・休職と働き方の制度	休暇・休職と働き方の制度	時間外勤務の上限規制	A	seido-kyuka-jikangai	時間外勤務の上限規制	地方公務員法／退職手当条例／共済組合・年金機構・国税庁の公式
931	制度とお金	休暇・休職と働き方の制度	休暇・休職と働き方の制度	フレックスタイム・時差出勤	A	seido-kyuka-flex	フレックスタイム・時差出勤	地方公務員法／退職手当条例／共済組合・年金機構・国税庁の公式
932	制度とお金	休暇・休職と働き方の制度	休暇・休職と働き方の制度	自治体のテレワーク	A	seido-kyuka-telework	自治体のテレワーク	地方公務員法／退職手当条例／共済組合・年金機構・国税庁の公式
933	制度とお金	休暇・休職と働き方の制度	休暇・休職と働き方の制度	短時間勤務の制度	A	seido-kyuka-tanjikan	短時間勤務の制度	地方公務員法／退職手当条例／共済組合・年金機構・国税庁の公式
934	制度とお金	休暇・休職と働き方の制度	休暇・休職と働き方の制度	休職からの復職と、そのあとの選択	A	seido-kyuka-fukushoku	休職からの復職と、そのあとの選択	地方公務員法／退職手当条例／共済組合・年金機構・国税庁の公式
935	制度とお金	休暇・休職と働き方の制度	休暇・休職と働き方の制度	メンタル不調で休んだ経歴の扱い	A	seido-kyuka-mental	メンタル不調で休んだ経歴の扱い	地方公務員法／退職手当条例／共済組合・年金機構・国税庁の公式
936	制度とお金	定年・再任用と任用形態	定年・再任用と任用形態	定年引上げの仕組み	A	seido-ninyo-teinen	定年引上げの仕組み	地方公務員法／退職手当条例／共済組合・年金機構・国税庁の公式
937	制度とお金	定年・再任用と任用形態	定年・再任用と任用形態	役職定年（管理監督職勤務上限年齢制）	A	seido-ninyo-yakushoku	役職定年（管理監督職勤務上限年齢制）	地方公務員法／退職手当条例／共済組合・年金機構・国税庁の公式
938	制度とお金	定年・再任用と任用形態	定年・再任用と任用形態	定年前再任用短時間勤務	A	seido-ninyo-teinenmae	定年前再任用短時間勤務	地方公務員法／退職手当条例／共済組合・年金機構・国税庁の公式
939	制度とお金	定年・再任用と任用形態	定年・再任用と任用形態	再任用と民間転職の比較	A	seido-ninyo-sainiyo	再任用と民間転職の比較	地方公務員法／退職手当条例／共済組合・年金機構・国税庁の公式
940	制度とお金	定年・再任用と任用形態	定年・再任用と任用形態	会計年度任用職員とは	A	seido-ninyo-kaikeinendo	会計年度任用職員とは	地方公務員法／退職手当条例／共済組合・年金機構・国税庁の公式
941	制度とお金	定年・再任用と任用形態	定年・再任用と任用形態	会計年度任用職員の期末手当・勤勉手当	A	seido-ninyo-kimatsu	会計年度任用職員の期末手当・勤勉手当	地方公務員法／退職手当条例／共済組合・年金機構・国税庁の公式
942	制度とお金	定年・再任用と任用形態	定年・再任用と任用形態	公募と再度の任用	A	seido-ninyo-kobo	公募と再度の任用	地方公務員法／退職手当条例／共済組合・年金機構・国税庁の公式
943	制度とお金	定年・再任用と任用形態	定年・再任用と任用形態	任期付職員の制度	A	seido-ninyo-ninkitsuki	任期付職員の制度	地方公務員法／退職手当条例／共済組合・年金機構・国税庁の公式
944	制度とお金	定年・再任用と任用形態	定年・再任用と任用形態	特定任期付職員（専門的知識を持つ職員）	A	seido-ninyo-tokutei	特定任期付職員（専門的知識を持つ職員）	地方公務員法／退職手当条例／共済組合・年金機構・国税庁の公式
945	制度とお金	定年・再任用と任用形態	定年・再任用と任用形態	非常勤職員と常勤職員の違い	A	seido-ninyo-hijokin	非常勤職員と常勤職員の違い	地方公務員法／退職手当条例／共済組合・年金機構・国税庁の公式
946	制度とお金	定年・再任用と任用形態	定年・再任用と任用形態	事務・技術・専門職で任用はどう違うか	A	seido-ninyo-shokushu	事務・技術・専門職で任用はどう違うか	地方公務員法／退職手当条例／共済組合・年金機構・国税庁の公式
947	制度とお金	定年・再任用と任用形態	定年・再任用と任用形態	出向・派遣の仕組み	A	seido-ninyo-shukko	出向・派遣の仕組み	地方公務員法／退職手当条例／共済組合・年金機構・国税庁の公式
948	制度とお金	定年・再任用と任用形態	定年・再任用と任用形態	外郭団体への転籍	A	seido-ninyo-gaikaku	外郭団体への転籍	地方公務員法／退職手当条例／共済組合・年金機構・国税庁の公式
949	制度とお金	定年・再任用と任用形態	定年・再任用と任用形態	独立行政法人・公社への転職	A	seido-ninyo-dokuritsu	独立行政法人・公社への転職	地方公務員法／退職手当条例／共済組合・年金機構・国税庁の公式
950	制度とお金	定年・再任用と任用形態	定年・再任用と任用形態	経験者採用で公務員に戻る道	A	seido-ninyo-keikensha	経験者採用で公務員に戻る道	地方公務員法／退職手当条例／共済組合・年金機構・国税庁の公式
951	資格・スキル	資格	資格	簿記3級は公務員の転職に効くか	B	skill-boki3	簿記3級は公務員の転職に効くか	各試験の公式サイト
952	資格・スキル	資格	資格	簿記2級を取る意味と、効いてくる転職先	B	skill-boki2	簿記2級を取る意味と、効いてくる転職先	各試験の公式サイト
953	資格・スキル	資格	資格	FP技能士は公務員の転職で評価されるか	B	skill-fp	FP技能士は公務員の転職で評価されるか	各試験の公式サイト
954	資格・スキル	資格	資格	宅地建物取引士｜取ると開く求人の範囲	B	skill-takken	宅地建物取引士｜取ると開く求人の範囲	各試験の公式サイト
955	資格・スキル	資格	資格	中小企業診断士｜公務員が取るときの現実的な道筋	B	skill-shindanshi	中小企業診断士｜公務員が取るときの現実的な道筋	各試験の公式サイト
956	資格・スキル	資格	資格	社会保険労務士｜人事課の経験とどう噛み合うか	B	skill-sharoushi	社会保険労務士｜人事課の経験とどう噛み合うか	各試験の公式サイト
957	資格・スキル	資格	資格	行政書士｜行政経験との相性と、転職での使い方	B	skill-gyoseishoshi	行政書士｜行政経験との相性と、転職での使い方	各試験の公式サイト
958	資格・スキル	資格	資格	税理士｜税務課の経験は科目免除につながるか	B	skill-zeirishi	税理士｜税務課の経験は科目免除につながるか	各試験の公式サイト
959	資格・スキル	資格	資格	公認会計士を目指す場合の現実	B	skill-kaikeishi	公認会計士を目指す場合の現実	各試験の公式サイト
960	資格・スキル	資格	資格	司法書士｜登記実務と行政経験	B	skill-shihoshoshi	司法書士｜登記実務と行政経験	各試験の公式サイト
961	資格・スキル	資格	資格	技術士｜建設コンサルタントへの転職で効く理由	B	skill-gijutsushi	技術士｜建設コンサルタントへの転職で効く理由	各試験の公式サイト
962	資格・スキル	資格	資格	建築士｜建築指導・営繕の経験と合わせて使う	B	skill-kenchikushi	建築士｜建築指導・営繕の経験と合わせて使う	各試験の公式サイト
963	資格・スキル	資格	資格	土木施工管理技士｜発注者側の経験と組み合わせる	B	skill-dobokusekou	土木施工管理技士｜発注者側の経験と組み合わせる	各試験の公式サイト
964	資格・スキル	資格	資格	建築施工管理技士｜取得の順序と転職時期	B	skill-kenchikusekou	建築施工管理技士｜取得の順序と転職時期	各試験の公式サイト
965	資格・スキル	資格	資格	電気主任技術者｜公営企業・インフラ運営での評価	B	skill-denkishunin	電気主任技術者｜公営企業・インフラ運営での評価	各試験の公式サイト
966	資格・スキル	資格	資格	測量士・測量士補｜用地・道路の経験と合わせる	B	skill-sokuryoshi	測量士・測量士補｜用地・道路の経験と合わせる	各試験の公式サイト
967	資格・スキル	資格	資格	不動産鑑定士｜用地買収の経験からの接続	B	skill-kanteishi	不動産鑑定士｜用地買収の経験からの接続	各試験の公式サイト
968	資格・スキル	資格	資格	PMP｜プロジェクト管理経験を証明する手段として	B	skill-pmp	PMP｜プロジェクト管理経験を証明する手段として	各試験の公式サイト
969	資格・スキル	資格	資格	ITパスポート｜情報政策課以外でも意味があるか	B	skill-itpassport	ITパスポート｜情報政策課以外でも意味があるか	各試験の公式サイト
970	資格・スキル	資格	資格	基本情報技術者｜非IT職の公務員が取る意味	B	skill-kihonjoho	基本情報技術者｜非IT職の公務員が取る意味	各試験の公式サイト
971	資格・スキル	資格	資格	応用情報技術者｜SIer・ITコンサルへの転職で	B	skill-oyojoho	応用情報技術者｜SIer・ITコンサルへの転職で	各試験の公式サイト
972	資格・スキル	資格	資格	情報処理安全確保支援士｜自治体のセキュリティ経験を形にする	B	skill-security	情報処理安全確保支援士｜自治体のセキュリティ経験を形にする	各試験の公式サイト
973	資格・スキル	資格	資格	AWS認定｜クラウド調達の経験を技術側へ広げる	B	skill-aws	AWS認定｜クラウド調達の経験を技術側へ広げる	各試験の公式サイト
974	資格・スキル	資格	資格	G検定・E資格｜DX推進の経験と組み合わせる	B	skill-gkentei	G検定・E資格｜DX推進の経験と組み合わせる	各試験の公式サイト
975	資格・スキル	資格	資格	統計検定｜EBPM・調査分析の経験を裏づける	B	skill-tokeikentei	統計検定｜EBPM・調査分析の経験を裏づける	各試験の公式サイト
976	資格・スキル	資格	資格	TOEIC｜公務員の転職で何点から意味が出るか	B	skill-toeic	TOEIC｜公務員の転職で何点から意味が出るか	各試験の公式サイト
977	資格・スキル	資格	資格	MOS｜取るべき人と、取らなくてよい人	B	skill-mos	MOS｜取るべき人と、取らなくてよい人	各試験の公式サイト
978	資格・スキル	資格	資格	社会福祉士・ケアマネジャー｜福祉職の転職で	B	skill-fukushi	社会福祉士・ケアマネジャー｜福祉職の転職で	各試験の公式サイト
979	資格・スキル	資格	資格	衛生管理者｜総務・人事からの転職で使える場面	B	skill-eisei	衛生管理者｜総務・人事からの転職で使える場面	各試験の公式サイト
980	資格・スキル	資格	資格	保育士・保健師の資格を民間でどう使うか	B	skill-hoken-kanri	保育士・保健師の資格を民間でどう使うか	各試験の公式サイト
981	資格・スキル	スキル	スキル	Excel｜民間で最初に問われる水準はどこか	B	skill-excel	Excel｜民間で最初に問われる水準はどこか	各試験の公式サイト
982	資格・スキル	スキル	スキル	Googleスプレッドシート｜庁内のExcel運用との違い	B	skill-spreadsheet	Googleスプレッドシート｜庁内のExcel運用との違い	各試験の公式サイト
983	資格・スキル	スキル	スキル	SQL｜データを自分で取り出せることの価値	B	skill-sql	SQL｜データを自分で取り出せることの価値	各試験の公式サイト
984	資格・スキル	スキル	スキル	BIツール｜統計・財政データの経験を可視化に接続する	B	skill-bi	BIツール｜統計・財政データの経験を可視化に接続する	各試験の公式サイト
985	資格・スキル	スキル	スキル	資料作成｜議会資料と民間の提案資料は何が違うか	B	skill-slide	資料作成｜議会資料と民間の提案資料は何が違うか	各試験の公式サイト
986	資格・スキル	スキル	スキル	業務フローの作成｜要件定義の前段として	B	skill-gyomuflow	業務フローの作成｜要件定義の前段として	各試験の公式サイト
987	資格・スキル	スキル	スキル	要件定義｜各課ヒアリングの経験をそのまま職務にする	B	skill-yoken	要件定義｜各課ヒアリングの経験をそのまま職務にする	各試験の公式サイト
988	資格・スキル	スキル	スキル	プロジェクト管理｜計画策定の経験を型として使う	B	skill-projectkanri	プロジェクト管理｜計画策定の経験を型として使う	各試験の公式サイト
989	資格・スキル	スキル	スキル	データ分析｜EBPMの延長で身につける範囲	B	skill-databunseki	データ分析｜EBPMの延長で身につける範囲	各試験の公式サイト
990	資格・スキル	スキル	スキル	ビジネス文書とメール｜公文書との作法の違い	B	skill-bunsho	ビジネス文書とメール｜公文書との作法の違い	各試験の公式サイト
991	資格・スキル	スキル	スキル	プレゼンテーション｜説明と提案は別の技術	B	skill-presen	プレゼンテーション｜説明と提案は別の技術	各試験の公式サイト
992	資格・スキル	スキル	スキル	交渉と調整｜庁内調整の経験を民間で言語化する	B	skill-koushou	交渉と調整｜庁内調整の経験を民間で言語化する	各試験の公式サイト
993	資格・スキル	スキル	スキル	営業の基礎｜行政営業で公務員経験が効く理由	B	skill-eigyokiso	営業の基礎｜行政営業で公務員経験が効く理由	各試験の公式サイト
994	資格・スキル	スキル	スキル	マーケティングの基礎｜広報広聴の経験からの接続	B	skill-marketing	マーケティングの基礎｜広報広聴の経験からの接続	各試験の公式サイト
995	資格・スキル	スキル	スキル	財務諸表の読み方｜公会計との違いから入る	B	skill-zaimu	財務諸表の読み方｜公会計との違いから入る	各試験の公式サイト
996	資格・スキル	スキル	スキル	契約書の読み方｜自治体の契約実務との差	B	skill-keiyakusho	契約書の読み方｜自治体の契約実務との差	各試験の公式サイト
997	資格・スキル	スキル	スキル	RPA・業務自動化｜庁内で回した経験の書き方	B	skill-rpa	RPA・業務自動化｜庁内で回した経験の書き方	各試験の公式サイト
998	資格・スキル	スキル	スキル	生成AIの業務活用｜自治体での利用経験をどう語るか	B	skill-seiseiai	生成AIの業務活用｜自治体での利用経験をどう語るか	各試験の公式サイト
999	資格・スキル	スキル	スキル	ノーコードツール｜情報政策の経験を実装側へ	B	skill-nocode	ノーコードツール｜情報政策の経験を実装側へ	各試験の公式サイト
1000	資格・スキル	スキル	スキル	英語｜必要になる職種と、不要な職種	B	skill-eigo	英語｜必要になる職種と、不要な職種	各試験の公式サイト
